"Committee Code","Committee Type","Report Year","Report Due Date","Report Code","Report Start Date","Report Ending Date","Fling Source Type","Filing Type","Amended Count","Date Received","Filing Status","ELECTION_YEAR","Officer Position","Last Name","First Name","Middle Name","Office Code","Office Sub Code","Party","SCHED_ID","Sum Contrib A","Qty Contrib A","Sum Contrib B","Qty Contrib B","Sub Unitemized Contrib","Qty UnItemized Contrib","Sum Contrib C","Qty Contrib C","Total Contrib","Total Qty Contrib","Sum Exp B","Sum Exp D","Begin Loan Bal","Sum Loans Recvd E","Sum Loans Paid E","End Loan Bal","Sum Unitemized Contrib2","Qty Unitemized Contrib2","Sum Unitemized Contrib2 Exp"
"CC980053","Friends of Vance Wilkins, Jr.","1999","07/15/1999","JULN15_99","05/27/1999","06/30/1999","E","R","","07/20/1999","T","1999","CandOfficer","Wilkins","S.","Vance","HOD","024","Virginia Republican Party","G","9400.00","15","480.00","1","0.00","0","0.00","0","9880.00","16","480.00","7091.99","0.00","0.00","0.00","0.00","","",""
"CC980053","Friends of Vance Wilkins, Jr.","1999","09/15/1999","SEPN15_99","07/01/1999","08/31/1999","E","R","","09/28/1999","T","1999","CandOfficer","Wilkins","S.","Vance","HOD","024","Virginia Republican Party","G","38427.96","86","1505.15","6","0.00","0","0.00","0","39933.11","92","1505.15","22086.83","0.00","0.00","0.00","0.00","","",""
"CC980053","Friends of Vance Wilkins, Jr.","1999","10/15/1999","OCTN15_99","09/01/1999","09/30/1999","E","R","","10/22/1999","T","1999","CandOfficer","Wilkins","S.","Vance","HOD","024","Virginia Republican Party","G","8350.00","15","60.00","1","0.00","0","0.00","0","8410.00","16","60.00","9854.55","0.00","0.00","0.00","0.00","","",""
"CC980053","Friends of Vance Wilkins, Jr.","1999","12/02/1999","DECN02_99","10/21/1999","11/25/1999","E","R","","01/31/2000","T","1999","CandOfficer","Wilkins","S.","Vance","HOD","024","Virginia Republican Party","G","10200.00","17","0.00","0","0.00","0","91.36","0","10200.00","17","0.00","34373.75","0.00","10000.00","0.00","10000.00","","",""
"CC980053","Friends of Vance Wilkins, Jr.","1999","10/25/1999","OCTN25_99","10/01/1999","10/20/1999","E","R","","01/31/2000","T","1999","CandOfficer","Wilkins","S.","Vance","HOD","024","Virginia Republican Party","G","24057.11","10","0.00","0","0.00","0","0.00","0","24057.11","10","0.00","37931.98","0.00","0.00","0.00","0.00","","",""
"CC980065","Friends of Rowena Fullinwider","1999","09/15/1999","SEPN15_99","07/01/1999","08/31/1999","E","R","","10/04/1999","T","1999","CandOfficer","Fullinwider","Rowena","J.","HOD","088","Virginia Republican Party","G","27680.00","54","6607.40","12","5089.00","92","800.00","0","39376.40","158","6607.40","18358.26","8009.99","0.00","0.00","8009.99","","",""
"CC980066","Committee to Elect Robert Neitz","1999","04/15/1999","APRN15_99","01/01/1999","03/01/1999","E","R","","04/06/1999","T","1999","CandOfficer","Neitz","Robert","","SEN","035","Virginia Republican Party","G","1000.00","3","0.00","0","220.00","3","0.00","0","1220.00","6","0.00","338.61","0.00","0.00","0.00","0.00","","",""
"CC980066","Committee to Elect Robert Neitz","1999","06/01/1999","JUNN01_99","04/01/1999","05/26/1999","E","R","","06/02/1999","T","1999","CandOfficer","Neitz","Robert","","SEN","035","Virginia Republican Party","G","4150.00","10","0.00","0","850.00","9","0.00","0","5000.00","19","0.00","15933.69","0.00","8000.00","0.00","8000.00","","",""
"CC980066","Committee to Elect Robert Neitz","1999","09/15/1999","SEPN15_99","07/01/1999","08/31/1999","E","R","","09/23/1999","T","1999","CandOfficer","Neitz","Robert","","SEN","035","Virginia Republican Party","G","4550.00","15","1050.00","3","3260.00","60","0.00","0","8860.00","78","1050.00","10315.46","8000.00","0.00","0.00","8000.00","","",""
"CC980066","Committee to Elect Robert Neitz","1999","10/15/1999","OCTN15_99","09/01/1999","09/30/1999","E","R","","10/21/1999","T","1999","CandOfficer","Neitz","Robert","","SEN","035","Virginia Republican Party","G","1250.00","7","0.00","0","1650.00","30","0.00","0","2900.00","37","0.00","5992.54","8000.00","0.00","0.00","8000.00","","",""
"CC980066","Committee to Elect Robert Neitz","1999","07/15/1999","JULN15_99","05/27/1999","06/30/1999","E","R","","11/09/1999","T","1999","CandOfficer","Neitz","Robert","","SEN","035","Virginia Republican Party","G","8050.00","10","0.00","0","1095.00","17","0.00","0","9145.00","27","0.00","800.00","8000.00","0.00","0.00","8000.00","","",""
"CC980066","Committee to Elect Robert Neitz","1999","10/25/1999","OCTN25_99","10/01/1999","10/20/1999","E","R","","11/17/1999","T","1999","CandOfficer","Neitz","Robert","","SEN","035","Virginia Republican Party","G","10505.00","22","2071.76","2","3383.00","50","0.00","0","15959.76","74","2071.76","3277.80","8000.00","0.00","0.00","8000.00","","",""
"CC980066","Committee to Elect Robert Neitz","1999","12/02/1999","DECN02_99","10/21/1999","11/25/1999","E","R","","01/31/2000","T","1999","CandOfficer","Neitz","Robert","","SEN","035","Virginia Republican Party","G","8050.00","11","167.32","1","1030.00","24","0.00","0","9247.32","36","167.32","24220.20","8000.00","1000.00","0.00","9000.00","","",""
"CC980066","Committee to Elect Robert Neitz","1999","01/18/2000","JAN18_00","07/01/1999","12/31/1999","E","R","","08/10/2000","T","1999","CandOfficer","Neitz","Robert","","SEN","035","Virginia Republican Party","G","2550.00","18","504.00","1","375.00","7","100.00","0","3429.00","26","504.00","5324.94","9000.00","3000.00","0.00","12000.00","","",""
"CC980067","Don Williams for the House of Delegates","1999","04/15/1999","APRN15_99","01/01/1999","03/01/1999","E","R","","04/19/1999","T","1999","CandOfficer","Williams","Donald","","HOD","086","Virginia Democratic Party","G","3450.00","10","0.00","0","2050.00","21","0.00","0","5500.00","31","0.00","1654.46","0.00","0.00","0.00","0.00","","",""
"CC980067","Don Williams for the House of Delegates","1999","06/01/1999","JUNN01_99","04/01/1999","05/26/1999","E","R","","06/10/1999","T","1999","CandOfficer","Williams","Donald","","HOD","086","Virginia Democratic Party","G","21460.64","22","0.00","0","2340.00","25","0.00","0","23800.64","47","0.00","8471.69","0.00","0.00","0.00","0.00","","",""
"CC980067","Don Williams for the House of Delegates","1999","07/15/1999","JULN15_99","05/27/1999","06/30/1999","E","R","","07/19/1999","T","1999","CandOfficer","Williams","Donald","","HOD","086","Virginia Democratic Party","G","18100.00","45","3500.00","3","5520.00","77","0.00","0","27120.00","125","3500.00","11390.24","0.00","0.00","0.00","0.00","","",""
"CC980067","Don Williams for the House of Delegates","1999","09/15/1999","SEPN15_99","07/01/1999","08/31/1999","E","R","","09/30/1999","T","1999","CandOfficer","Williams","Donald","","HOD","086","Virginia Democratic Party","G","41100.00","47","11308.81","5","2944.00","32","0.00","0","55352.81","84","11308.81","10033.08","0.00","0.00","0.00","0.00","","",""
"CC980067","Don Williams for the House of Delegates","1999","10/15/1999","OCTN15_99","09/01/1999","09/30/1999","E","R","","10/28/1999","T","1999","CandOfficer","Williams","Donald","","HOD","086","Virginia Democratic Party","G","43214.91","71","77588.54","9","4095.00","64","0.00","0","124898.45","144","77588.54","79874.84","0.00","0.00","0.00","0.00","","",""
"CC980067","Don Williams for the House of Delegates","1999","10/25/1999","OCTN25_99","10/01/1999","10/20/1999","E","R","","10/29/1999","T","1999","CandOfficer","Williams","Donald","","HOD","086","Virginia Democratic Party","G","49601.00","53","38440.33","5","2310.00","32","0.00","0","90351.33","90","38440.33","95845.06","0.00","40000.00","0.00","40000.00","","",""
"CC980067","Don Williams for the House of Delegates","1999","12/02/1999","DECN02_99","10/21/1999","11/25/1999","E","R","","12/13/1999","T","1999","CandOfficer","Williams","Donald","","HOD","086","Virginia Democratic Party","G","9700.00","19","4811.00","4","725.00","10","780.74","0","15236.00","33","4811.00","43282.87","40000.00","0.00","0.00","40000.00","","",""
"CC980075","Friends of Beverly J. Sherwood","1999","07/15/1999","JULN15_99","05/27/1999","06/30/1999","E","R","","07/06/1999","T","1999","CandOfficer","Sherwood","Beverly","J","HOD","029","Virginia Republican Party","G","750.00","1","0.00","0","30.00","1","0.00","0","780.00","2","0.00","1645.87","0.00","0.00","0.00","0.00","","",""
"CC980075","Friends of Beverly J. Sherwood","1999","09/15/1999","SEPN15_99","07/01/1999","08/31/1999","E","R","","09/28/1999","T","1999","CandOfficer","Sherwood","Beverly","J","HOD","029","Virginia Republican Party","G","6250.00","21","0.00","0","125.00","2","0.00","0","6375.00","23","0.00","2360.90","0.00","0.00","0.00","0.00","","",""
"CC980075","Friends of Beverly J. Sherwood","1999","10/15/1999","OCTN15_99","09/01/1999","09/30/1999","E","R","","10/21/1999","T","1999","CandOfficer","Sherwood","Beverly","J","HOD","029","Virginia Republican Party","G","1200.00","6","0.00","0","200.00","2","0.00","0","1400.00","8","0.00","2205.17","0.00","0.00","0.00","0.00","","",""
"CC980075","Friends of Beverly J. Sherwood","1999","10/25/1999","OCTN25_99","10/01/1999","10/20/1999","E","R","","11/29/1999","T","1999","CandOfficer","Sherwood","Beverly","J","HOD","029","Virginia Republican Party","G","900.00","4","0.00","0","3740.00","70","0.00","0","4640.00","74","0.00","1167.39","0.00","0.00","0.00","0.00","","",""
"CC980075","Friends of Beverly J. Sherwood","1999","12/02/1999","DECN02_99","10/21/1999","11/25/1999","E","R","","12/16/1999","T","1999","CandOfficer","Sherwood","Beverly","J","HOD","029","Virginia Republican Party","G","950.00","3","0.00","0","904.00","17","0.00","0","1854.00","20","0.00","244.69","0.00","0.00","0.00","0.00","","",""
"CC980075","Friends of Beverly J. Sherwood","1999","01/18/2000","JAN18_00","07/01/1999","12/31/1999","E","R","","08/10/2000","T","1999","CandOfficer","Sherwood","Beverly","J","HOD","029","Virginia Republican Party","G","0.00","0","0.00","0","0.00","0","0.00","0","0.00","0","0.00","1068.31","0.00","0.00","0.00","0.00","","",""
"CC980076","Nick Rerras for State Senate","1999","06/01/1999","JUNN01_99","04/01/1999","05/26/1999","E","R","","06/02/1999","T","1999","CandOfficer","Rerras","Dimitrios","Nick","SEN","006","Virginia Republican Party","G","5905.00","29","6128.72","9","4315.00","85","376.72","0","16348.72","123","6128.72","7479.93","3983.32","0.00","186.86","3796.46","","",""
"CC980076","Nick Rerras for State Senate","1999","07/15/1999","JULN15_99","05/27/1999","06/30/1999","E","R","","07/20/1999","T","1999","CandOfficer","Rerras","Dimitrios","Nick","SEN","006","Virginia Republican Party","G","14470.00","40","878.99","6","3434.00","67","9.99","0","18782.99","113","878.99","6721.66","3796.46","6835.41","711.32","9920.55","","",""
"CC980076","Nick Rerras for State Senate","1999","10/15/1999","OCTN15_99","09/01/1999","09/30/1999","E","R","","10/22/1999","T","1999","CandOfficer","Rerras","Dimitrios","Nick","SEN","006","Virginia Republican Party","G","23072.00","49","11840.56","5","2700.00","51","8.00","0","37612.56","105","11840.56","42466.61","11375.81","0.00","0.00","11375.81","","",""
"CC980076","Nick Rerras for State Senate","1999","09/15/1999","SEPN15_99","07/01/1999","08/31/1999","E","R","","11/17/1999","T","1999","CandOfficer","Rerras","Dimitrios","Nick","SEN","006","Virginia Republican Party","G","34855.00","52","1692.14","7","4474.00","81","78.30","0","41021.14","140","1692.14","10167.24","9920.55","1455.26","0.00","11375.81","","",""
"CC980076","Nick Rerras for State Senate","1999","12/02/1999","DECN02_99","10/21/1999","11/25/1999","E","R","","12/13/1999","T","1999","CandOfficer","Rerras","Dimitrios","Nick","SEN","006","Virginia Republican Party","G","43545.00","37","58095.28","8","1604.99","42","3000.00","0","103245.27","87","58095.28","68906.49","6375.81","0.00","3290.67","3085.14","","",""
"CC980080","Darner For Delegate","1999","10/15/1999","OCTN15_99","09/01/1999","09/30/1999","E","R","","10/21/1999","T","1999","CandOfficer","Darner","L","Karen","HOD","049","Virginia Democratic Party","G","2500.00","7","0.00","0","2320.00","63","0.00","0","4820.00","70","0.00","1262.79","0.00","0.00","0.00","0.00","","",""
"CC980083","Friends of Michele McQuigg","1999","04/15/1999","APRN15_99","01/01/1999","03/01/1999","E","R","","04/28/1999","T","1999","CandOfficer","McQuigg","Michele","B.","HOD","051","Virginia Republican Party","G","1000.00","2","0.00","0","100.00","1","0.00","0","1100.00","3","0.00","3979.94","0.00","0.00","0.00","0.00","","",""
"CC980083","Friends of Michele McQuigg","1999","06/01/1999","JUNN01_99","04/01/1999","05/26/1999","E","R","","06/02/1999","T","1999","CandOfficer","McQuigg","Michele","B.","HOD","051","Virginia Republican Party","G","325.00","2","0.00","0","165.00","5","352.80","0","490.00","7","0.00","4094.24","0.00","0.00","0.00","0.00","","",""
"CC980083","Friends of Michele McQuigg","1999","07/15/1999","JULN15_99","05/27/1999","06/30/1999","E","R","","07/07/1999","T","1999","CandOfficer","McQuigg","Michele","B.","HOD","051","Virginia Republican Party","G","750.00","2","0.00","0","345.00","9","0.00","0","1095.00","11","0.00","531.75","0.00","0.00","0.00","0.00","","",""
"CC980083","Friends of Michele McQuigg","1999","09/15/1999","SEPN15_99","07/01/1999","08/31/1999","E","R","","09/28/1999","T","1999","CandOfficer","McQuigg","Michele","B.","HOD","051","Virginia Republican Party","G","39150.00","36","1825.00","3","1652.00","33","0.00","0","42627.00","72","1825.00","8580.32","0.00","0.00","0.00","0.00","","",""
"CC980083","Friends of Michele McQuigg","1999","10/15/1999","OCTN15_99","09/01/1999","09/30/1999","E","R","","10/21/1999","T","1999","CandOfficer","McQuigg","Michele","B.","HOD","051","Virginia Republican Party","G","4790.00","13","850.00","2","1388.00","33","0.00","0","7028.00","48","850.00","28327.66","0.00","0.00","0.00","0.00","","",""
"CC980083","Friends of Michele McQuigg","1999","10/25/1999","OCTN25_99","10/01/1999","10/20/1999","E","R","","11/29/1999","T","1999","CandOfficer","McQuigg","Michele","B.","HOD","051","Virginia Republican Party","G","13120.00","30","2346.56","4","2099.00","46","0.00","0","17565.56","80","2346.56","30808.71","0.00","0.00","0.00","0.00","","",""
"CC980083","Friends of Michele McQuigg","1999","12/02/1999","DECN02_99","10/21/1999","11/25/1999","E","R","","12/16/1999","T","1999","CandOfficer","McQuigg","Michele","B.","HOD","051","Virginia Republican Party","G","31400.00","17","1306.59","3","710.10","13","0.00","0","33416.69","33","1306.59","37447.86","0.00","0.00","0.00","0.00","","",""
"CC980088","Friends of Harry Blevins","1999","06/01/1999","JUNN01_99","04/01/1999","05/26/1999","E","R","","06/01/1999","T","1999","CandOfficer","Blevins","Harry","B","HOD","078","Virginia Republican Party","G","10836.71","1","0.00","0","0.00","0","352.80","0","10836.71","1","0.00","789.80","0.00","0.00","0.00","0.00","","",""
"CC980088","Friends of Harry Blevins","1999","07/15/1999","JULN15_99","05/27/1999","06/30/1999","E","R","","07/19/1999","T","1999","CandOfficer","Blevins","Harry","B","HOD","078","Virginia Republican Party","G","200.00","1","0.00","0","0.00","0","0.00","0","200.00","1","0.00","406.91","0.00","0.00","0.00","0.00","","",""
"CC980088","Friends of Harry Blevins","1999","09/15/1999","SEPN15_99","07/01/1999","08/31/1999","E","R","","09/23/1999","T","1999","CandOfficer","Blevins","Harry","B","HOD","078","Virginia Republican Party","G","1850.00","8","0.00","0","200.00","2","0.00","0","2050.00","10","0.00","1441.97","0.00","0.00","0.00","0.00","","",""
"CC980088","Friends of Harry Blevins","1999","10/15/1999","OCTN15_99","09/01/1999","09/30/1999","E","R","","10/21/1999","T","1999","CandOfficer","Blevins","Harry","B","HOD","078","Virginia Republican Party","G","2650.00","10","0.00","0","200.00","2","0.00","0","2850.00","12","0.00","50.00","0.00","0.00","0.00","0.00","","",""
"CC980088","Friends of Harry Blevins","1999","10/25/1999","OCTN25_99","10/01/1999","10/20/1999","E","R","","10/29/1999","T","1999","CandOfficer","Blevins","Harry","B","HOD","078","Virginia Republican Party","G","1750.00","6","10550.00","1","0.00","0","0.00","0","12300.00","7","10550.00","850.00","0.00","0.00","0.00","0.00","","",""
"CC980088","Friends of Harry Blevins","1999","12/02/1999","DECN02_99","10/21/1999","11/25/1999","E","R","","12/16/1999","T","1999","CandOfficer","Blevins","Harry","B","HOD","078","Virginia Republican Party","G","1500.00","6","0.00","0","200.00","2","0.00","0","1700.00","8","0.00","1086.81","0.00","0.00","0.00","0.00","","",""
"CC980095","Committee to Re-Elect Dickinson","1999","04/15/1999","APRN15_99","01/01/1999","03/01/1999","E","R","","04/28/1999","T","1999","CandOfficer","Dickinson","V.","Earl","HOD","056","Virginia Democratic Party","G","57169.31","3","0.00","0","0.00","0","132.47","0","57169.31","3","0.00","3742.51","0.00","0.00","0.00","0.00","","",""
"CC980095","Committee to Re-Elect Dickinson","1999","06/01/1999","JUNN01_99","04/01/1999","05/26/1999","E","R","","06/01/1999","T","1999","CandOfficer","Dickinson","V.","Earl","HOD","056","Virginia Democratic Party","G","900.00","2","0.00","0","0.00","0","39.59","0","900.00","2","0.00","295.16","0.00","0.00","0.00","0.00","","",""
"CC980095","Committee to Re-Elect Dickinson","1999","07/15/1999","JULN15_99","05/27/1999","06/30/1999","E","R","","07/06/1999","T","1999","CandOfficer","Dickinson","V.","Earl","HOD","056","Virginia Democratic Party","G","1250.00","2","0.00","0","0.00","0","63.90","0","1250.00","2","0.00","239.53","0.00","0.00","0.00","0.00","","",""
"CC980095","Committee to Re-Elect Dickinson","1999","09/15/1999","SEPN15_99","07/01/1999","08/31/1999","E","R","","09/23/1999","T","1999","CandOfficer","Dickinson","V.","Earl","HOD","056","Virginia Democratic Party","G","32375.00","76","0.00","0","1230.00","14","75.05","0","33605.00","90","0.00","29632.84","0.00","0.00","0.00","0.00","","",""
"CC980095","Committee to Re-Elect Dickinson","1999","10/15/1999","OCTN15_99","09/01/1999","09/30/1999","E","R","","10/21/1999","T","1999","CandOfficer","Dickinson","V.","Earl","HOD","056","Virginia Democratic Party","G","2750.00","7","0.00","0","0.00","0","32.69","0","2750.00","7","0.00","3562.10","0.00","0.00","0.00","0.00","","",""
"CC980095","Committee to Re-Elect Dickinson","1999","10/25/1999","OCTN25_99","10/01/1999","10/20/1999","E","R","","11/29/1999","T","1999","CandOfficer","Dickinson","V.","Earl","HOD","056","Virginia Democratic Party","G","4475.00","11","0.00","0","250.00","3","0.00","0","4725.00","14","0.00","18394.09","0.00","0.00","0.00","0.00","","",""
"CC980095","Committee to Re-Elect Dickinson","1999","12/02/1999","DECN02_99","10/21/1999","11/25/1999","E","R","","12/16/1999","T","1999","CandOfficer","Dickinson","V.","Earl","HOD","056","Virginia Democratic Party","G","4400.00","11","0.00","0","300.00","3","31.65","0","4700.00","14","0.00","9191.36","0.00","0.00","0.00","0.00","","",""
"CC980095","Committee to Re-Elect Dickinson","1999","01/18/2000","JAN18_00","07/01/1999","12/31/1999","E","R","","08/10/2000","T","1999","CandOfficer","Dickinson","V.","Earl","HOD","056","Virginia Democratic Party","G","500.00","1","0.00","0","0.00","0","48.40","0","500.00","1","0.00","305.04","0.00","0.00","0.00","0.00","","",""
"CC980100","Friends of Morgan Griffith","1999","04/15/1999","APRN15_99","01/01/1999","03/01/1999","E","R","","04/28/1999","T","2000","CandOfficer","Griffith","H","Morgan","HOD","008","Virginia Republican Party","G","500.00","1","0.00","0","0.00","0","0.00","0","500.00","1","0.00","4968.30","0.00","0.00","0.00","0.00","","",""
"CC980100","Friends of Morgan Griffith","1999","06/01/1999","JUNN01_99","04/01/1999","05/26/1999","E","R","","06/01/1999","T","2000","CandOfficer","Griffith","H","Morgan","HOD","008","Virginia Republican Party","G","1000.00","1","0.00","0","200.00","2","437.74","0","1200.00","3","0.00","1287.19","0.00","0.00","0.00","0.00","","",""
"CC980100","Friends of Morgan Griffith","1999","07/15/1999","JULN15_99","05/27/1999","06/30/1999","E","R","","07/20/1999","T","2000","CandOfficer","Griffith","H","Morgan","HOD","008","Virginia Republican Party","G","7050.00","21","1284.44","1","250.00","3","0.00","0","8584.44","25","1284.44","11075.54","0.00","0.00","0.00","0.00","","",""
"CC980100","Friends of Morgan Griffith","1999","09/15/1999","SEPN15_99","07/01/1999","08/31/1999","E","R","","09/28/1999","T","2000","CandOfficer","Griffith","H","Morgan","HOD","008","Virginia Republican Party","G","10655.00","35","0.00","0","1375.00","48","0.00","0","12030.00","83","0.00","12252.28","0.00","0.00","0.00","0.00","","",""
"CC980100","Friends of Morgan Griffith","1999","10/15/1999","OCTN15_99","09/01/1999","09/30/1999","E","R","","10/22/1999","T","2000","CandOfficer","Griffith","H","Morgan","HOD","008","Virginia Republican Party","G","1150.00","5","0.00","0","275.00","5","99.00","0","1425.00","10","0.00","9150.35","0.00","0.00","0.00","0.00","","",""
"CC980100","Friends of Morgan Griffith","1999","10/25/1999","OCTN25_99","10/01/1999","10/20/1999","E","R","","11/29/1999","T","2000","CandOfficer","Griffith","H","Morgan","HOD","008","Virginia Republican Party","G","4650.00","9","0.00","0","0.00","0","0.00","0","4650.00","9","0.00","5078.92","0.00","0.00","0.00","0.00","","",""
"CC980100","Friends of Morgan Griffith","1999","12/02/1999","DECN02_99","10/21/1999","11/25/1999","E","R","","12/16/1999","T","2000","CandOfficer","Griffith","H","Morgan","HOD","008","Virginia Republican Party","G","4350.00","10","0.00","0","50.00","1","0.00","0","4400.00","11","0.00","4003.66","0.00","0.00","0.00","0.00","","",""
"CC980100","Friends of Morgan Griffith","1999","01/18/2000","JAN18_00","07/01/1999","12/31/1999","E","F","","08/10/2000","T","2000","CandOfficer","Griffith","H","Morgan","HOD","008","Virginia Republican Party","G","2816.00","5","0.00","0","0.00","0","0.00","0","2816.00","5","0.00","1348.39","0.00","0.00","0.00","0.00","","",""
"CC980102","Friends of Gordon Meriwether","1999","04/15/1999","APRN15_99","01/01/1999","03/01/1999","D","R","","04/28/1999","T","2002","CandOfficer","Meriwether","Gordon","K","HOD","040","Virginia Democratic Party","G","500.00","1","0.00","0","200.00","3","0.00","0","700.00","4","0.00","1268.67","0.00","1625.00","0.00","1625.00","","",""
"CC980102","Friends of Gordon Meriwether","1999","07/15/1999","JULN15_99","05/27/1999","06/30/1999","E","R","","09/04/1999","T","2002","CandOfficer","Meriwether","Gordon","K","HOD","040","Virginia Democratic Party","G","2500.00","2","3300.00","4","575.00","7","0.00","0","6375.00","13","3300.00","4942.89","2025.00","600.00","0.00","2625.00","","",""
"CC980102","Friends of Gordon Meriwether","1999","09/15/1999","SEPN15_99","07/01/1999","08/31/1999","E","R","","10/06/1999","T","2002","CandOfficer","Meriwether","Gordon","K","HOD","040","Virginia Democratic Party","G","7450.00","24","2413.67","3","4280.00","65","150.00","0","14143.67","92","2413.67","10152.20","2625.00","0.00","0.00","2625.00","","",""
"CC980102","Friends of Gordon Meriwether","1999","10/15/1999","OCTN15_99","09/01/1999","09/30/1999","E","R","","11/18/1999","T","2002","CandOfficer","Meriwether","Gordon","K","HOD","040","Virginia Democratic Party","G","575.00","3","0.00","0","370.00","7","0.00","0","945.00","10","0.00","3655.54","2625.00","1000.00","0.00","3625.00","","",""
"CC980102","Friends of Gordon Meriwether","1999","10/25/1999","OCTN25_99","10/01/1999","10/20/1999","E","R","","11/29/1999","T","2002","CandOfficer","Meriwether","Gordon","K","HOD","040","Virginia Democratic Party","G","1300.00","5","7815.52","3","575.00","7","0.00","0","9690.52","15","7815.52","1913.35","3625.00","0.00","0.00","3625.00","","",""
"CC980103","Chichester for Senate","1999","06/01/1999","JUNN01_99","04/01/1999","05/26/1999","E","R","","06/01/1999","T","2003","CandOfficer","Chichester","John","H.","SEN","028","Virginia Republican Party","G","7650.00","11","2453.30","3","100.00","2","822.90","0","10203.30","16","2453.30","4065.71","0.00","0.00","0.00","0.00","","",""
"CC980103","Chichester for Senate","1999","07/15/1999","JULN15_99","05/27/1999","06/30/1999","E","R","","07/19/1999","T","2003","CandOfficer","Chichester","John","H.","SEN","028","Virginia Republican Party","G","8650.00","11","0.00","0","0.00","0","541.51","0","8650.00","11","0.00","16000.00","0.00","0.00","0.00","0.00","","",""
"CC980103","Chichester for Senate","1999","09/15/1999","SEPN15_99","07/01/1999","08/31/1999","E","R","","09/23/1999","T","2003","CandOfficer","Chichester","John","H.","SEN","028","Virginia Republican Party","G","9800.00","18","0.00","0","0.00","0","473.18","0","9800.00","18","0.00","5000.00","0.00","0.00","0.00","0.00","","",""
"CC980103","Chichester for Senate","1999","10/15/1999","OCTN15_99","09/01/1999","09/30/1999","E","R","","10/21/1999","T","2003","CandOfficer","Chichester","John","H.","SEN","028","Virginia Republican Party","G","5625.00","11","0.00","0","175.00","2","553.74","0","5800.00","13","0.00","1000.00","0.00","0.00","0.00","0.00","","",""
"CC980103","Chichester for Senate","1999","10/25/1999","OCTN25_99","10/01/1999","10/20/1999","E","R","","11/17/1999","T","2003","CandOfficer","Chichester","John","H.","SEN","028","Virginia Republican Party","G","9557.11","21","0.00","0","1300.00","17","483.69","0","10857.11","38","0.00","5811.45","0.00","0.00","0.00","0.00","","",""
"CC980103","Chichester for Senate","1999","12/02/1999","DECN02_99","10/21/1999","11/25/1999","E","R","","12/16/1999","T","2003","CandOfficer","Chichester","John","H.","SEN","028","Virginia Republican Party","G","5725.00","13","0.00","0","200.00","2","0.00","0","5925.00","15","0.00","9665.28","0.00","0.00","0.00","0.00","","",""
"CC980104","David B. Albo for Delegate","1999","04/15/1999","APRN15_99","01/01/1999","03/01/1999","D","R","","04/15/1999","T","2004","CandOfficer","Albo","David","B","HOD","042","Virginia Republican Party","G","500.00","1","0.00","0","0.00","0","12.01","1","500.00","1","0.00","1915.41","0.00","0.00","0.00","0.00","","",""
"CC980104","David B. Albo for Delegate","1999","07/15/1999","JULN15_99","05/27/1999","06/30/1999","E","R","","08/27/1999","T","2004","CandOfficer","Albo","David","B","HOD","042","Virginia Republican Party","G","5000.00","14","0.00","0","5910.00","128","9.25","0","10910.00","142","0.00","7932.74","0.00","0.00","0.00","0.00","","",""
"CC980104","David B. Albo for Delegate","1999","09/15/1999","SEPN15_99","07/01/1999","08/31/1999","E","R","","09/23/1999","T","2004","CandOfficer","Albo","David","B","HOD","042","Virginia Republican Party","G","3100.00","9","0.00","0","960.00","20","21.13","0","4060.00","29","0.00","9333.09","0.00","0.00","0.00","0.00","","",""
"CC980104","David B. Albo for Delegate","1999","10/15/1999","OCTN15_99","09/01/1999","09/30/1999","E","R","","11/18/1999","T","2004","CandOfficer","Albo","David","B","HOD","042","Virginia Republican Party","G","1400.00","5","0.00","0","100.00","1","10.84","0","1500.00","6","0.00","4592.11","0.00","0.00","0.00","0.00","","",""
"CC980104","David B. Albo for Delegate","1999","12/02/1999","DECN02_99","10/21/1999","11/25/1999","E","R","","12/16/1999","T","2004","CandOfficer","Albo","David","B","HOD","042","Virginia Republican Party","G","1450.00","5","0.00","0","200.00","2","7.24","0","1650.00","7","0.00","2026.83","0.00","0.00","0.00","0.00","","",""
"CC980104","David B. Albo for Delegate","1999","10/25/1999","OCTN25_99","10/01/1999","10/20/1999","E","R","","01/31/2000","T","2004","CandOfficer","Albo","David","B","HOD","042","Virginia Republican Party","G","2232.11","9","0.00","0","0.00","0","108.14","0","2232.11","9","0.00","1439.54","0.00","0.00","0.00","0.00","","",""
"CC980104","David B. Albo for Delegate","1999","01/18/2000","JAN18_00","07/01/1999","12/31/1999","E","R","","09/11/2000","T","2004","CandOfficer","Albo","David","B","HOD","042","Virginia Republican Party","G","150.00","1","0.00","0","0.00","0","5.00","0","150.00","1","0.00","770.00","0.00","0.00","0.00","0.00","","",""
"CC980109","Marshall for Delegate","1999","06/01/1999","JUNN01_99","04/01/1999","05/26/1999","E","R","","06/02/1999","T","1999","CandOfficer","Marshall","Robert","G","HOD","013","Virginia Republican Party","G","14350.00","14","0.00","0","1310.00","23","426.32","0","15660.00","37","0.00","286.39","0.00","0.00","0.00","0.00","","",""
"CC980109","Marshall for Delegate","1999","07/15/1999","JULN15_99","05/27/1999","06/30/1999","E","R","","07/19/1999","T","1999","CandOfficer","Marshall","Robert","G","HOD","013","Virginia Republican Party","G","3875.00","10","0.00","0","2075.00","32","212.32","0","5950.00","42","0.00","807.53","0.00","0.00","0.00","0.00","","",""
"CC980109","Marshall for Delegate","1999","09/15/1999","SEPN15_99","07/01/1999","08/31/1999","E","R","","10/04/1999","T","1999","CandOfficer","Marshall","Robert","G","HOD","013","Virginia Republican Party","G","11045.00","22","0.00","0","3125.00","71","275.20","0","14170.00","93","0.00","6469.23","0.00","0.00","0.00","0.00","","",""
"CC980109","Marshall for Delegate","1999","10/15/1999","OCTN15_99","09/01/1999","09/30/1999","E","R","","10/21/1999","T","1999","CandOfficer","Marshall","Robert","G","HOD","013","Virginia Republican Party","G","4070.00","21","108.33","1","2512.00","70","166.61","0","6690.33","92","108.33","2586.88","0.00","0.00","0.00","0.00","","",""
"CC980109","Marshall for Delegate","1999","10/25/1999","OCTN25_99","10/01/1999","10/20/1999","E","R","","11/29/1999","T","1999","CandOfficer","Marshall","Robert","G","HOD","013","Virginia Republican Party","G","7350.00","6","4500.00","1","180.00","4","0.00","0","12030.00","11","4500.00","7496.71","0.00","0.00","0.00","0.00","","",""
"CC980109","Marshall for Delegate","1999","12/02/1999","DECN02_99","10/21/1999","11/25/1999","E","R","","01/31/2000","T","1999","CandOfficer","Marshall","Robert","G","HOD","013","Virginia Republican Party","G","2925.00","12","2219.87","2","180.00","6","182.47","0","5324.87","20","2219.87","18769.16","0.00","0.00","0.00","0.00","","",""
"CC980125","Re-elect Rust  for Delegate","1999","09/15/1999","SEPN15_99","07/01/1999","08/31/1999","E","R","","10/06/1999","T","1999","CandOfficer","Rust","John","H","HOD","037","Virginia Republican Party","G","21550.00","29","2513.53","3","600.00","8","0.00","0","24663.53","40","2513.53","69782.05","0.00","0.00","0.00","0.00","","",""
"CC980125","Re-elect Rust  for Delegate","1999","10/15/1999","OCTN15_99","09/01/1999","09/30/1999","E","R","","10/28/1999","T","1999","CandOfficer","Rust","John","H","HOD","037","Virginia Republican Party","G","21775.00","47","85.00","1","535.00","12","0.00","0","22395.00","60","85.00","13556.21","0.00","0.00","0.00","0.00","","",""
"CC980125","Re-elect Rust  for Delegate","1999","06/01/1999","JUNN01_99","04/01/1999","05/26/1999","E","A","","11/03/1999","T","1999","CandOfficer","Rust","John","H","HOD","037","Virginia Republican Party","G","36929.00","92","445.00","3","5842.00","90","352.80","0","43216.00","185","445.00","34632.01","0.00","0.00","0.00","0.00","","",""
"CC980125","Re-elect Rust  for Delegate","1999","07/15/1999","JULN15_99","05/27/1999","06/30/1999","E","R","","11/17/1999","T","1999","CandOfficer","Rust","John","H","HOD","037","Virginia Republican Party","G","22800.00","49","85.00","1","1115.00","18","0.00","0","24000.00","68","85.00","17729.42","0.00","0.00","0.00","0.00","","",""
"CC980125","Re-elect Rust  for Delegate","1999","12/02/1999","DECN02_99","10/21/1999","11/25/1999","E","R","","12/16/1999","T","1999","CandOfficer","Rust","John","H","HOD","037","Virginia Republican Party","G","17000.00","39","85.00","1","1205.00","16","0.00","0","18290.00","56","85.00","30891.43","0.00","0.00","0.00","0.00","","",""
"CC980125","Re-elect Rust  for Delegate","1999","10/25/1999","OCTN25_99","10/01/1999","10/20/1999","E","R","","01/31/2000","T","1999","CandOfficer","Rust","John","H","HOD","037","Virginia Republican Party","G","15062.11","46","335.00","2","1315.00","27","0.00","0","16712.11","75","335.00","10362.88","0.00","0.00","0.00","0.00","","",""
"CC980127","Friends of Roger McClure","1999","06/01/1999","JUNN01_99","04/01/1999","05/26/1999","E","R","","06/02/1999","T","1999","CandOfficer","McClure","Roger","J","HOD","067","Virginia Republican Party","G","13715.58","6","0.00","0","800.00","10","352.80","0","14515.58","16","0.00","5566.50","0.00","0.00","0.00","0.00","","",""
"CC980127","Friends of Roger McClure","1999","07/15/1999","JULN15_99","05/27/1999","06/30/1999","E","R","","07/20/1999","T","1999","CandOfficer","McClure","Roger","J","HOD","067","Virginia Republican Party","G","15885.00","43","600.00","1","1995.00","45","0.00","0","18480.00","89","600.00","10833.14","0.00","0.00","0.00","0.00","","",""
"CC980127","Friends of Roger McClure","1999","09/15/1999","SEPN15_99","07/01/1999","08/31/1999","D","R","","09/15/1999","T","1999","CandOfficer","McClure","Roger","J","HOD","067","Virginia Republican Party","G","14450.00","23","0.00","0","935.00","18","0.00","0","15385.00","41","0.00","8515.83","0.00","0.00","0.00","0.00","","",""
"CC980127","Friends of Roger McClure","1999","10/15/1999","OCTN15_99","09/01/1999","09/30/1999","E","R","","10/28/1999","T","1999","CandOfficer","McClure","Roger","J","HOD","067","Virginia Republican Party","G","30077.11","21","250.00","1","980.00","20","254.93","0","31307.11","42","250.00","3000.21","0.00","0.00","0.00","0.00","","",""
"CC980127","Friends of Roger McClure","1999","10/25/1999","OCTN25_99","10/01/1999","10/20/1999","E","R","","11/29/1999","T","1999","CandOfficer","McClure","Roger","J","HOD","067","Virginia Republican Party","G","11750.00","18","8290.00","3","1220.00","19","0.00","0","21260.00","40","8290.00","39065.17","0.00","0.00","0.00","0.00","","",""
"CC980127","Friends of Roger McClure","1999","12/02/1999","DECN02_99","10/21/1999","11/25/1999","E","R","","01/31/2000","T","1999","CandOfficer","McClure","Roger","J","HOD","067","Virginia Republican Party","G","16715.00","43","5278.95","2","1705.00","26","0.00","0","23698.95","71","5278.95","24208.24","0.00","0.00","0.00","0.00","","",""
"CC980127","Friends of Roger McClure","1999","01/18/2000","JAN18_00","07/01/1999","12/31/1999","E","R","","08/10/2000","T","1999","CandOfficer","McClure","Roger","J","HOD","067","Virginia Republican Party","G","610.00","4","0.00","0","769.00","44","0.00","0","1379.00","48","0.00","138.11","0.00","0.00","0.00","0.00","","",""
"CC980140","Friends of Harvey Morgan","1999","07/15/1999","JULN15_99","05/27/1999","06/30/1999","E","R","","07/07/1999","T","1999","CandOfficer","Morgan","Harvey","","HOD","098","Virginia Republican Party","G","8820.00","24","0.00","0","1475.00","27","0.00","0","10295.00","51","0.00","4085.22","0.00","0.00","0.00","0.00","","",""
"CC980140","Friends of Harvey Morgan","1999","09/15/1999","SEPN15_99","07/01/1999","08/31/1999","E","R","","09/28/1999","T","1999","CandOfficer","Morgan","Harvey","","HOD","098","Virginia Republican Party","G","9450.00","23","0.00","0","345.00","6","0.00","0","9795.00","29","0.00","9644.36","0.00","0.00","0.00","0.00","","",""
"CC980140","Friends of Harvey Morgan","1999","10/15/1999","OCTN15_99","09/01/1999","09/30/1999","E","R","","10/28/1999","T","1999","CandOfficer","Morgan","Harvey","","HOD","098","Virginia Republican Party","G","4910.00","14","0.00","0","565.00","11","0.00","0","5475.00","25","0.00","6215.15","0.00","0.00","0.00","0.00","","",""
"CC980140","Friends of Harvey Morgan","1999","10/25/1999","OCTN25_99","10/01/1999","10/20/1999","E","R","","12/01/1999","T","1999","CandOfficer","Morgan","Harvey","","HOD","098","Virginia Republican Party","G","7400.00","19","0.00","0","360.00","7","0.00","0","7760.00","26","0.00","1514.10","0.00","0.00","0.00","0.00","","",""
"CC980140","Friends of Harvey Morgan","1999","12/02/1999","DECN02_99","10/21/1999","11/25/1999","E","R","","01/31/2000","T","1999","CandOfficer","Morgan","Harvey","","HOD","098","Virginia Republican Party","G","5400.00","14","0.00","0","200.00","2","0.00","0","5600.00","16","0.00","863.40","0.00","0.00","0.00","0.00","","",""
"CC980152","Friends of Chris Jones","1999","04/15/1999","APRN15_99","01/01/1999","03/01/1999","E","A","","04/28/1999","T","1999","CandOfficer","Jones","S.","Chris","HOD","076","Virginia Republican Party","G","32291.51","3","0.00","0","395.00","18","0.00","0","32686.51","21","0.00","4647.73","0.00","0.00","0.00","0.00","","",""
"CC980152","Friends of Chris Jones","1999","06/01/1999","JUNN01_99","04/01/1999","05/26/1999","E","R","","06/01/1999","T","1999","CandOfficer","Jones","S.","Chris","HOD","076","Virginia Republican Party","G","29100.00","81","0.00","0","6270.00","101","352.80","0","35370.00","182","0.00","4352.04","0.00","0.00","0.00","0.00","","",""
"CC980152","Friends of Chris Jones","1999","07/15/1999","JULN15_99","05/27/1999","06/30/1999","E","R","","07/07/1999","T","1999","CandOfficer","Jones","S.","Chris","HOD","076","Virginia Republican Party","G","3775.00","10","896.67","1","3320.00","52","0.00","0","7991.67","63","896.67","2340.00","0.00","0.00","0.00","0.00","","",""
"CC980152","Friends of Chris Jones","1999","09/15/1999","SEPN15_99","07/01/1999","08/31/1999","E","R","","09/28/1999","T","1999","CandOfficer","Jones","S.","Chris","HOD","076","Virginia Republican Party","G","2450.00","9","0.00","0","1675.00","23","0.00","0","4125.00","32","0.00","1825.00","0.00","0.00","0.00","0.00","","",""
"CC980152","Friends of Chris Jones","1999","10/15/1999","OCTN15_99","09/01/1999","09/30/1999","E","R","","10/22/1999","T","1999","CandOfficer","Jones","S.","Chris","HOD","076","Virginia Republican Party","G","700.00","3","0.00","0","400.00","5","0.00","0","1100.00","8","0.00","1907.18","0.00","0.00","0.00","0.00","","",""
"CC980152","Friends of Chris Jones","1999","12/02/1999","DECN02_99","10/21/1999","11/25/1999","D","R","","12/02/1999","T","1999","CandOfficer","Jones","S.","Chris","HOD","076","Virginia Republican Party","G","2915.00","16","0.00","0","1705.00","36","0.00","0","4620.00","52","0.00","18103.80","0.00","0.00","0.00","0.00","","",""
"CC980152","Friends of Chris Jones","1999","10/25/1999","OCTN25_99","10/01/1999","10/20/1999","E","R","","01/31/2000","T","1999","CandOfficer","Jones","S.","Chris","HOD","076","Virginia Republican Party","G","7565.00","37","0.00","0","2430.00","55","0.00","0","9995.00","92","0.00","3214.00","0.00","0.00","0.00","0.00","","",""
"CC980152","Friends of Chris Jones","1999","01/18/2000","JAN18_00","07/01/1999","12/31/1999","E","F","","08/10/2000","T","1999","CandOfficer","Jones","S.","Chris","HOD","076","Virginia Republican Party","G","10135.00","6","0.00","0","1360.00","62","0.00","0","11495.00","68","0.00","9446.00","0.00","0.00","0.00","0.00","","",""
"CC980154","Bryant for Delegate","1999","04/15/1999","APRN15_99","01/01/1999","03/01/1999","E","R","","04/22/1999","T","1999","CandOfficer","Bryant","L.","Preston","HOD","023","Virginia Republican Party","G","41614.90","2","0.00","0","0.00","0","0.00","0","41614.90","2","0.00","1616.25","0.00","0.00","0.00","0.00","","",""
"CC980154","Bryant for Delegate","1999","06/01/1999","JUNN01_99","04/01/1999","05/26/1999","E","R","","06/01/1999","T","1999","CandOfficer","Bryant","L.","Preston","HOD","023","Virginia Republican Party","G","12700.00","29","0.00","0","400.00","5","0.00","0","13100.00","34","0.00","716.76","0.00","0.00","0.00","0.00","","",""
"CC980154","Bryant for Delegate","1999","07/15/1999","JULN15_99","05/27/1999","06/30/1999","E","R","","07/20/1999","T","1999","CandOfficer","Bryant","L.","Preston","HOD","023","Virginia Republican Party","G","2950.00","7","0.00","0","0.00","0","0.00","0","2950.00","7","0.00","3036.06","0.00","0.00","0.00","0.00","","",""
"CC980154","Bryant for Delegate","1999","09/15/1999","SEPN15_99","07/01/1999","08/31/1999","E","R","","09/23/1999","T","1999","CandOfficer","Bryant","L.","Preston","HOD","023","Virginia Republican Party","G","5050.00","11","0.00","0","100.00","1","0.00","0","5150.00","12","0.00","1815.40","0.00","0.00","0.00","0.00","","",""
"CC980154","Bryant for Delegate","1999","10/15/1999","OCTN15_99","09/01/1999","09/30/1999","E","R","","10/21/1999","T","1999","CandOfficer","Bryant","L.","Preston","HOD","023","Virginia Republican Party","G","2300.00","8","0.00","0","300.00","3","0.00","0","2600.00","11","0.00","3213.42","0.00","0.00","0.00","0.00","","",""
"CC980154","Bryant for Delegate","1999","12/02/1999","DECN02_99","10/21/1999","11/25/1999","E","R","","12/16/1999","T","1999","CandOfficer","Bryant","L.","Preston","HOD","023","Virginia Republican Party","G","1750.00","6","0.00","0","250.00","3","0.00","0","2000.00","9","0.00","1086.71","0.00","0.00","0.00","0.00","","",""
"CC980154","Bryant for Delegate","1999","10/25/1999","OCTN25_99","10/01/1999","10/20/1999","E","R","","01/31/2000","T","1999","CandOfficer","Bryant","L.","Preston","HOD","023","Virginia Republican Party","G","4257.11","12","0.00","0","0.00","0","0.00","0","4257.11","12","0.00","5666.00","0.00","0.00","0.00","0.00","","",""
"CC980154","Bryant for Delegate","1999","01/18/2000","JAN18_00","07/01/1999","12/31/1999","E","F","","08/10/2000","T","1999","CandOfficer","Bryant","L.","Preston","HOD","023","Virginia Republican Party","G","800.00","3","0.00","0","100.00","1","0.00","0","900.00","4","0.00","1067.85","0.00","0.00","0.00","0.00","","",""
"CC980156","Friends of Frank Ruff","1999","06/01/1999","JUNN01_99","04/01/1999","05/26/1999","E","R","","06/02/1999","T","1999","CandOfficer","Ruff","Frank","M.","HOD","061","Virginia Republican Party","G","16415.00","70","750.00","1","4235.00","89","352.80","0","21400.00","160","750.00","10903.07","0.00","0.00","0.00","0.00","","",""
"CC980156","Friends of Frank Ruff","1999","07/15/1999","JULN15_99","05/27/1999","06/30/1999","E","R","","07/20/1999","T","1999","CandOfficer","Ruff","Frank","M.","HOD","061","Virginia Republican Party","G","4500.00","11","500.00","1","300.00","5","0.00","0","5300.00","17","500.00","10829.29","0.00","0.00","0.00","0.00","","",""
"CC980156","Friends of Frank Ruff","1999","09/15/1999","SEPN15_99","07/01/1999","08/31/1999","E","R","","09/28/1999","T","1999","CandOfficer","Ruff","Frank","M.","HOD","061","Virginia Republican Party","G","36165.00","111","1000.00","2","4824.00","102","25.00","0","41989.00","215","1000.00","16192.18","0.00","0.00","0.00","0.00","","",""
"CC980156","Friends of Frank Ruff","1999","10/15/1999","OCTN15_99","09/01/1999","09/30/1999","E","R","","10/21/1999","T","1999","CandOfficer","Ruff","Frank","M.","HOD","061","Virginia Republican Party","G","15745.00","58","500.00","1","2303.00","46","20.00","0","18548.00","105","500.00","50955.44","0.00","0.00","0.00","0.00","","",""
"CC980156","Friends of Frank Ruff","1999","12/02/1999","DECN02_99","10/21/1999","11/25/1999","E","R","","12/16/1999","T","1999","CandOfficer","Ruff","Frank","M.","HOD","061","Virginia Republican Party","G","12500.00","34","500.00","1","1300.00","20","0.00","0","14300.00","55","500.00","15491.33","0.00","0.00","0.00","0.00","","",""
"CC980156","Friends of Frank Ruff","1999","10/25/1999","OCTN25_99","10/01/1999","10/20/1999","E","R","","01/31/2000","T","1999","CandOfficer","Ruff","Frank","M.","HOD","061","Virginia Republican Party","G","8645.00","38","500.00","1","1525.00","32","0.00","0","10670.00","71","500.00","26413.57","0.00","0.00","0.00","0.00","","",""
"CC980156","Friends of Frank Ruff","1999","04/15/1999","APRN15_99","01/01/1999","03/01/1999","E","R","","09/13/2000","T","1999","CandOfficer","Ruff","Frank","M.","HOD","061","Virginia Republican Party","G","16960.00","65","0.00","0","4645.00","83","0.00","0","21605.00","148","0.00","8098.42","0.00","0.00","0.00","0.00","","",""
"CC980157","Friends of Frank Wagner","1999","07/15/1999","JULN15_99","05/27/1999","06/30/1999","E","R","","07/20/1999","T","1999","CandOfficer","Wagner","Frank","W.","HOD","021","Virginia Republican Party","G","19480.00","57","600.00","2","1510.00","18","0.00","0","21590.00","77","600.00","6335.51","11250.00","0.00","0.00","11250.00","","",""
"CC980157","Friends of Frank Wagner","1999","06/01/1999","JUNN01_99","04/01/1999","05/26/1999","E","R","","03/28/2000","T","1999","CandOfficer","Wagner","Frank","W.","HOD","021","Virginia Republican Party","G","1552.80","3","0.00","0","0.00","0","0.00","0","1552.80","3","0.00","2424.41","11250.00","0.00","0.00","11250.00","","",""
"CC980161","J. Michael Sharman for Delegate","1999","07/15/1999","JULN15_99","05/27/1999","06/30/1999","E","R","","07/20/1999","T","1999","CandOfficer","Sharman","J.","Michael","HOD","030","Virginia Republican Party","G","10347.66","31","0.00","0","3244.00","72","226.71","0","13591.66","103","0.00","19193.34","57.73","0.00","57.73","0.00","","",""
"CC980161","J. Michael Sharman for Delegate","1999","09/15/1999","SEPN15_99","07/01/1999","08/31/1999","E","R","","09/28/1999","T","1999","CandOfficer","Sharman","J.","Michael","HOD","030","Virginia Republican Party","G","0.00","0","0.00","0","0.00","0","27.00","0","0.00","0","0.00","657.84","0.00","0.00","0.00","0.00","","",""
"CC980161","J. Michael Sharman for Delegate","1999","10/15/1999","OCTN15_99","09/01/1999","09/30/1999","E","R","","10/21/1999","T","1999","CandOfficer","Sharman","J.","Michael","HOD","030","Virginia Republican Party","G","0.00","0","0.00","0","0.00","0","0.00","0","0.00","0","0.00","8.00","0.00","0.00","0.00","0.00","","",""
"CC980161","J. Michael Sharman for Delegate","1999","10/25/1999","OCTN25_99","10/01/1999","10/20/1999","E","R","","11/02/1999","T","1999","CandOfficer","Sharman","J.","Michael","HOD","030","Virginia Republican Party","G","0.00","0","0.00","0","0.00","0","42.98","0","0.00","0","0.00","8.00","0.00","0.00","0.00","0.00","","",""
"CC980161","J. Michael Sharman for Delegate","1999","12/02/1999","DECN02_99","10/21/1999","11/25/1999","E","R","","12/16/1999","T","1999","CandOfficer","Sharman","J.","Michael","HOD","030","Virginia Republican Party","G","0.00","0","0.00","0","0.00","0","0.00","0","0.00","0","0.00","79.30","0.00","0.00","0.00","0.00","","",""
"CC980165","Byron for Delegate","1999","07/15/1999","JULN15_99","05/27/1999","06/30/1999","E","R","","09/04/1999","T","1999","CandOfficer","Byron","Kathy","J","HOD","022","Virginia Republican Party","G","8250.00","10","0.00","0","0.00","0","0.00","0","8250.00","10","0.00","97.00","0.00","0.00","0.00","0.00","","",""
"CC980165","Byron for Delegate","1999","09/15/1999","SEPN15_99","07/01/1999","08/31/1999","E","R","","10/04/1999","T","1999","CandOfficer","Byron","Kathy","J","HOD","022","Virginia Republican Party","G","9600.00","27","0.00","0","500.00","5","0.00","0","10100.00","32","0.00","2201.60","0.00","0.00","0.00","0.00","","",""
"CC980165","Byron for Delegate","1999","10/25/1999","OCTN25_99","10/01/1999","10/20/1999","E","R","","01/31/2000","L","1999","CandOfficer","Byron","Kathy","J","HOD","022","Virginia Republican Party","G","3900.00","11","0.00","0","325.00","4","0.00","0","4225.00","15","0.00","14228.68","0.00","0.00","0.00","0.00","","",""
"CC980165","Byron for Delegate","1999","12/02/1999","DECN02_99","10/21/1999","11/25/1999","E","R","","08/15/2000","T","1999","CandOfficer","Byron","Kathy","J","HOD","022","Virginia Republican Party","G","2550.00","9","2000.00","2","395.00","6","151.00","0","4945.00","17","2000.00","14488.40","0.00","0.00","0.00","0.00","","",""
"CC980167","Joseph for Delegate","1999","06/01/1999","JUNN01_99","04/01/1999","05/26/1999","E","R","","06/02/1999","T","1999","CandOfficer","Joseph","James","R.","HOD","091","Virginia Democratic Party","G","22975.00","76","1089.28","3","6870.00","156","364.30","0","30934.28","235","1089.28","6534.84","0.00","0.00","0.00","0.00","","",""
"CC980167","Joseph for Delegate","1999","07/15/1999","JULN15_99","05/27/1999","06/30/1999","E","R","","07/20/1999","T","1999","CandOfficer","Joseph","James","R.","HOD","091","Virginia Democratic Party","G","29835.00","69","7390.40","8","4949.00","58","0.00","0","42174.40","135","7390.40","5083.67","0.00","0.00","0.00","0.00","","",""
"CC980167","Joseph for Delegate","1999","09/15/1999","SEPN15_99","07/01/1999","08/31/1999","E","R","","09/29/1999","T","1999","CandOfficer","Joseph","James","R.","HOD","091","Virginia Democratic Party","G","23025.00","68","15799.76","22","4303.00","55","0.00","0","43127.76","145","15799.76","23143.53","0.00","0.00","0.00","0.00","","",""
"CC980167","Joseph for Delegate","1999","10/15/1999","OCTN15_99","09/01/1999","09/30/1999","E","R","","10/28/1999","T","1999","CandOfficer","Joseph","James","R.","HOD","091","Virginia Democratic Party","G","13375.00","33","3869.29","7","1790.00","23","0.00","0","19034.29","63","3869.29","40337.92","0.00","0.00","0.00","0.00","","",""
"CC980186","Committee to Elect G. E. Buck Waters","1999","06/01/1999","JUNN01_99","04/01/1999","05/26/1999","E","R","","06/02/1999","T","1999","CandOfficer","Waters","G.","E.","SEN","029","Virginia Republican Party","G","13275.00","38","9277.93","14","1155.00","34","0.00","0","23707.93","86","9277.93","30749.13","10000.00","6334.38","0.00","16334.38","","",""
"CC980186","Committee to Elect G. E. Buck Waters","1999","07/15/1999","JULN15_99","05/27/1999","06/30/1999","E","R","","07/20/1999","T","1999","CandOfficer","Waters","G.","E.","SEN","029","Virginia Republican Party","G","15500.00","3","4558.49","2","150.00","2","0.00","0","20208.49","7","4558.49","16824.34","16334.38","6422.99","2250.00","20507.37","","",""
"CC980186","Committee to Elect G. E. Buck Waters","1999","09/15/1999","SEPN15_99","07/01/1999","08/31/1999","E","R","","09/29/1999","T","1999","CandOfficer","Waters","G.","E.","SEN","029","Virginia Republican Party","G","1500.00","2","0.00","0","0.00","0","0.00","0","1500.00","2","0.00","1010.95","20507.37","0.00","1210.01","19297.36","","",""
"CC980188","Friends of John Watkins","1999","07/15/1999","JULN15_99","05/27/1999","06/30/1999","E","R","","07/08/1999","T","1999","CandOfficer","Watkins","John","C.","SEN","010","Virginia Republican Party","G","31900.00","73","1999.02","8","370.00","18","0.00","0","34269.02","99","1999.02","5933.91","0.00","0.00","0.00","0.00","","",""
"CC980188","Friends of John Watkins","1999","09/15/1999","SEPN15_99","07/01/1999","08/31/1999","E","R","","11/24/1999","T","1999","CandOfficer","Watkins","John","C.","SEN","010","Virginia Republican Party","G","12800.00","23","6308.00","1","200.00","2","0.00","0","19308.00","26","6308.00","12679.13","0.00","0.00","0.00","0.00","","",""
"CC980188","Friends of John Watkins","1999","12/02/1999","DECN02_99","10/21/1999","11/25/1999","E","R","","12/13/1999","T","1999","CandOfficer","Watkins","John","C.","SEN","010","Virginia Republican Party","G","23155.00","62","1675.00","2","5345.00","75","0.00","0","30175.00","139","1675.00","42931.22","0.00","0.00","0.00","0.00","","",""
"CC980188","Friends of John Watkins","1999","10/25/1999","OCTN25_99","10/01/1999","10/20/1999","E","R","","01/31/2000","T","1999","CandOfficer","Watkins","John","C.","SEN","010","Virginia Republican Party","G","32725.00","67","0.00","0","3335.00","39","0.00","0","36060.00","106","0.00","49307.08","0.00","0.00","0.00","0.00","","",""
"CC980188","Friends of John Watkins","1999","01/18/2000","JAN18_00","07/01/1999","12/31/1999","E","F","","08/10/2000","T","1999","CandOfficer","Watkins","John","C.","SEN","010","Virginia Republican Party","G","1950.00","4","965.50","1","50.00","1","0.00","0","2965.50","6","965.50","4285.27","0.00","0.00","0.00","0.00","","",""
"CC980190","Pollard for Delegate","1999","04/15/1999","APRN15_99","01/01/1999","03/01/1999","E","R","","04/21/1999","T","1999","CandOfficer","Pollard","Albert","Clarkson","HOD","099","Virginia Democratic Party","G","22850.00","18","638.00","3","190.00","8","0.00","0","23678.00","29","638.00","2649.66","0.00","0.00","0.00","0.00","","",""
"CC980190","Pollard for Delegate","1999","06/01/1999","JUNN01_99","04/01/1999","05/26/1999","E","R","","06/02/1999","T","1999","CandOfficer","Pollard","Albert","Clarkson","HOD","099","Virginia Democratic Party","G","21665.40","62","2113.78","8","1345.00","35","0.00","0","25124.18","105","2113.78","5615.37","0.00","0.00","0.00","0.00","","",""
"CC980190","Pollard for Delegate","1999","09/15/1999","SEPN15_99","07/01/1999","08/31/1999","E","R","","09/28/1999","T","1999","CandOfficer","Pollard","Albert","Clarkson","HOD","099","Virginia Democratic Party","G","20095.00","82","16214.29","21","15776.00","274","0.00","0","52085.29","377","16214.29","23126.96","0.00","0.00","0.00","0.00","","",""
"CC980190","Pollard for Delegate","1999","10/15/1999","OCTN15_99","09/01/1999","09/30/1999","E","R","","10/21/1999","T","1999","CandOfficer","Pollard","Albert","Clarkson","HOD","099","Virginia Democratic Party","G","33300.00","70","5701.05","17","9117.00","199","0.00","0","48118.05","286","5701.05","97435.10","0.00","0.00","0.00","0.00","","",""
"CC980190","Pollard for Delegate","1999","10/25/1999","OCTN25_99","10/01/1999","10/20/1999","E","R","","11/29/1999","T","1999","CandOfficer","Pollard","Albert","Clarkson","HOD","099","Virginia Democratic Party","G","39815.00","35","160657.96","14","4080.00","78","0.00","0","204552.96","127","160657.96","49616.89","0.00","0.00","0.00","0.00","","",""
"CC980190","Pollard for Delegate","1999","01/18/2000","JAN18_00","07/01/1999","12/31/1999","E","R","","08/10/2000","T","1999","CandOfficer","Pollard","Albert","Clarkson","HOD","099","Virginia Democratic Party","G","4150.00","13","400.00","2","200.00","4","0.00","0","4750.00","19","400.00","2894.96","0.00","0.00","0.00","0.00","","",""
"CC980190","Pollard for Delegate","1999","07/15/1999","JULN15_99","05/27/1999","06/30/1999","E","R","","08/29/2000","T","1999","CandOfficer","Pollard","Albert","Clarkson","HOD","099","Virginia Democratic Party","G","35150.00","154","11251.49","15","5139.00","132","0.00","0","51540.49","301","11251.49","14248.93","0.00","0.00","0.00","0.00","","",""
"CC980191","Friends of Stanley Walker","1999","04/15/1999","APRN15_99","01/01/1999","03/01/1999","E","R","","04/27/1999","T","1999","CandOfficer","Walker","Stanley","C.","SEN","006","Virginia Democratic Party","G","3550.00","7","0.00","0","100.00","1","0.00","0","3650.00","8","0.00","18982.33","0.00","0.00","0.00","0.00","","",""
"CC980191","Friends of Stanley Walker","1999","06/01/1999","JUNN01_99","04/01/1999","05/26/1999","E","R","","06/02/1999","T","1999","CandOfficer","Walker","Stanley","C.","SEN","006","Virginia Democratic Party","G","17125.00","45","0.00","0","1140.00","17","0.00","0","18265.00","62","0.00","13338.27","0.00","0.00","0.00","0.00","","",""
"CC980191","Friends of Stanley Walker","1999","07/15/1999","JULN15_99","05/27/1999","06/30/1999","E","R","","07/20/1999","T","1999","CandOfficer","Walker","Stanley","C.","SEN","006","Virginia Democratic Party","G","25975.00","50","0.00","0","825.00","11","0.00","0","26800.00","61","0.00","21514.88","0.00","0.00","0.00","0.00","","",""
"CC980191","Friends of Stanley Walker","1999","09/15/1999","SEPN15_99","07/01/1999","08/31/1999","E","R","","09/28/1999","T","1999","CandOfficer","Walker","Stanley","C.","SEN","006","Virginia Democratic Party","G","37600.00","62","134.81","1","1000.00","11","9.95","0","38734.81","74","134.81","31661.85","0.00","0.00","0.00","0.00","","",""
"CC980191","Friends of Stanley Walker","1999","10/15/1999","OCTN15_99","09/01/1999","09/30/1999","D","A","","10/15/1999","T","1999","CandOfficer","Walker","Stanley","C.","SEN","006","Virginia Democratic Party","G","16350.00","30","78862.70","6","300.00","5","0.00","0","95512.70","41","78862.70","26699.60","0.00","0.00","0.00","0.00","","",""
"CC980191","Friends of Stanley Walker","1999","10/25/1999","OCTN25_99","10/01/1999","10/20/1999","D","A","","10/25/1999","T","1999","CandOfficer","Walker","Stanley","C.","SEN","006","Virginia Democratic Party","G","48632.11","74","14937.82","5","1080.00","12","0.00","0","64649.93","91","14937.82","37226.88","0.00","0.00","0.00","0.00","","",""
"CC980191","Friends of Stanley Walker","1999","12/02/1999","DECN02_99","10/21/1999","11/25/1999","E","R","","12/16/1999","T","1999","CandOfficer","Walker","Stanley","C.","SEN","006","Virginia Democratic Party","G","36930.00","56","16068.00","2","560.00","9","0.00","0","53558.00","67","16068.00","67557.69","0.00","0.00","0.00","0.00","","",""
"CC980192","Ward Armstrong for House of Delegates","1999","06/01/1999","JUNN01_99","04/01/1999","05/26/1999","E","R","","06/02/1999","T","1999","CandOfficer","Armstrong","Ward","","HOD","011","Virginia Democratic Party","G","1500.00","2","0.00","0","55.61","1","364.91","0","1555.61","3","0.00","1310.08","0.00","0.00","0.00","0.00","","",""
"CC980192","Ward Armstrong for House of Delegates","1999","07/15/1999","JULN15_99","05/27/1999","06/30/1999","E","R","","09/04/1999","T","1999","CandOfficer","Armstrong","Ward","","HOD","011","Virginia Democratic Party","G","0.00","0","0.00","0","0.00","0","6.75","0","0.00","0","0.00","725.05","0.00","0.00","0.00","0.00","","",""
"CC980192","Ward Armstrong for House of Delegates","1999","09/15/1999","SEPN15_99","07/01/1999","08/31/1999","E","R","","09/23/1999","T","1999","CandOfficer","Armstrong","Ward","","HOD","011","Virginia Democratic Party","G","17675.00","53","0.00","0","7540.00","104","4.83","0","25215.00","157","0.00","6624.21","0.00","0.00","0.00","0.00","","",""
"CC980192","Ward Armstrong for House of Delegates","1999","10/15/1999","OCTN15_99","09/01/1999","09/30/1999","E","R","","10/21/1999","T","1999","CandOfficer","Armstrong","Ward","","HOD","011","Virginia Democratic Party","G","3500.00","9","0.00","0","255.00","4","14.07","0","3755.00","13","0.00","3776.96","0.00","0.00","0.00","0.00","","",""
"CC980192","Ward Armstrong for House of Delegates","1999","12/02/1999","DECN02_99","10/21/1999","11/25/1999","E","R","","12/16/1999","T","1999","CandOfficer","Armstrong","Ward","","HOD","011","Virginia Democratic Party","G","1500.00","7","0.00","0","600.00","6","0.00","0","2100.00","13","0.00","18971.04","0.00","0.00","0.00","0.00","","",""
"CC980192","Ward Armstrong for House of Delegates","1999","10/25/1999","OCTN25_99","10/01/1999","10/20/1999","E","R","","12/16/1999","T","1999","CandOfficer","Armstrong","Ward","","HOD","011","Virginia Democratic Party","G","2957.11","10","0.00","0","300.00","3","0.00","0","3257.11","13","0.00","7317.15","0.00","0.00","0.00","0.00","","",""
"CC980192","Ward Armstrong for House of Delegates","1999","01/18/2000","JAN18_00","07/01/1999","12/31/1999","E","F","","08/10/2000","T","1999","CandOfficer","Armstrong","Ward","","HOD","011","Virginia Democratic Party","G","500.00","2","0.00","0","0.00","0","10.57","0","500.00","2","0.00","7931.43","0.00","0.00","0.00","0.00","","",""
"CC980193","Friends for Ross Bell","1999","10/15/1999","OCTN15_99","09/01/1999","09/30/1999","E","A","","12/16/1999","T","1999","CandOfficer","Bell","Ross","B.","HOD","045","Virginia Republican Party","G","1515.50","18","350.00","1","0.00","0","0.00","0","1865.50","19","350.00","709.87","0.00","0.00","0.00","0.00","","",""
"CC980193","Friends for Ross Bell","1999","10/25/1999","OCTN25_99","10/01/1999","10/20/1999","E","A","","12/16/1999","T","1999","CandOfficer","Bell","Ross","B.","HOD","045","Virginia Republican Party","G","375.00","6","775.00","1","0.00","0","0.00","0","1150.00","7","775.00","3196.82","0.00","0.00","0.00","0.00","","",""
"CC980193","Friends for Ross Bell","1999","12/02/1999","DECN02_99","10/21/1999","11/25/1999","E","R","","12/16/1999","T","1999","CandOfficer","Bell","Ross","B.","HOD","045","Virginia Republican Party","G","870.00","10","31.90","2","0.00","0","0.00","0","901.90","12","31.90","1998.59","0.00","0.00","0.00","0.00","","",""
"CC980193","Friends for Ross Bell","1999","06/01/1999","JUNN01_99","04/01/1999","05/26/1999","E","R","","12/16/1999","T","1999","CandOfficer","Bell","Ross","B.","HOD","045","Virginia Republican Party","G","1710.00","29","377.13","7","0.00","0","0.00","0","2087.13","36","377.13","397.75","0.00","0.00","0.00","0.00","","",""
"CC980193","Friends for Ross Bell","1999","07/15/1999","JULN15_99","05/27/1999","06/30/1999","E","A","","05/30/2000","T","1999","CandOfficer","Bell","Ross","B.","HOD","045","Virginia Republican Party","G","1004.00","35","381.90","5","0.00","0","0.00","0","1385.90","40","381.90","1623.07","0.00","0.00","0.00","0.00","","",""
"CC980193","Friends for Ross Bell","1999","09/15/1999","SEPN15_99","07/01/1999","08/31/1999","E","A","","05/30/2000","T","1999","CandOfficer","Bell","Ross","B.","HOD","045","Virginia Republican Party","G","2082.00","24","181.90","4","0.00","0","0.00","0","2263.90","28","181.90","590.69","0.00","0.00","0.00","0.00","","",""
"CC980193","Friends for Ross Bell","1999","01/18/2000","JAN18_00","07/01/1999","12/31/1999","E","R","","08/10/2000","T","1999","CandOfficer","Bell","Ross","B.","HOD","045","Virginia Republican Party","G","0.00","0","0.00","0","0.00","0","100.00","0","0.00","0","0.00","7.96","0.00","0.00","0.00","0.00","","",""
"CC980193","Friends for Ross Bell","1999","04/15/1999","APRN15_99","01/01/1999","03/01/1999","E","R","","09/11/2000","T","1999","CandOfficer","Bell","Ross","B.","HOD","045","Virginia Republican Party","G","900.19","14","3270.04","10","0.00","0","0.00","0","4170.23","24","3270.04","14.75","0.00","0.00","0.00","0.00","","",""
"CC980197","Re-Elect Bob Brink","1999","06/01/1999","JUNN01_99","04/01/1999","05/26/1999","E","R","","06/02/1999","T","1999","CandOfficer","Brink","Robert","H.","HOD","048","Virginia Democratic Party","G","3036.11","11","1278.58","1","2765.00","56","25.75","0","7079.69","68","1278.58","3384.22","0.00","0.00","0.00","0.00","","",""
"CC980197","Re-Elect Bob Brink","1999","07/15/1999","JULN15_99","05/27/1999","06/30/1999","E","R","","09/04/1999","T","1999","CandOfficer","Brink","Robert","H.","HOD","048","Virginia Democratic Party","G","5050.00","16","560.54","4","150.00","2","61.69","0","5760.54","22","560.54","1091.44","0.00","0.00","0.00","0.00","","",""
"CC980197","Re-Elect Bob Brink","1999","09/15/1999","SEPN15_99","07/01/1999","08/31/1999","E","R","","09/23/1999","T","1999","CandOfficer","Brink","Robert","H.","HOD","048","Virginia Democratic Party","G","4250.00","15","0.00","0","315.00","4","83.14","0","4565.00","19","0.00","2030.25","0.00","0.00","0.00","0.00","","",""
"CC980197","Re-Elect Bob Brink","1999","10/15/1999","OCTN15_99","09/01/1999","09/30/1999","E","R","","10/21/1999","T","1999","CandOfficer","Brink","Robert","H.","HOD","048","Virginia Democratic Party","G","4611.11","15","3872.68","1","1170.00","21","45.47","0","9653.79","37","3872.68","2216.72","0.00","0.00","0.00","0.00","","",""
"CC980197","Re-Elect Bob Brink","1999","12/02/1999","DECN02_99","10/21/1999","11/25/1999","E","R","","01/31/2000","T","1999","CandOfficer","Brink","Robert","H.","HOD","048","Virginia Democratic Party","G","2080.00","8","0.00","0","200.00","4","42.63","0","2280.00","12","0.00","10855.44","0.00","0.00","0.00","0.00","","",""
"CC980197","Re-Elect Bob Brink","1999","10/25/1999","OCTN25_99","10/01/1999","10/20/1999","E","R","","01/31/2000","T","1999","CandOfficer","Brink","Robert","H.","HOD","048","Virginia Democratic Party","G","2850.00","15","0.00","0","1775.03","34","0.00","0","4625.03","49","0.00","13295.14","0.00","0.00","0.00","0.00","","",""
"CC980203","Edwards for Virginia Senate","1999","04/15/1999","APRN15_99","01/01/1999","03/01/1999","E","R","","04/22/1999","T","2003","CandOfficer","Edwards","John","Saul","SEN","021","Virginia Democratic Party","G","3950.00","8","200.00","1","585.00","11","166.89","0","4735.00","20","200.00","2729.67","0.00","0.00","0.00","0.00","","",""
"CC980217","Van Landingham Election Fund","1999","06/01/1999","JUNN01_99","04/01/1999","05/26/1999","E","R","","06/10/1999","T","1999","CandOfficer","Van Landingham","Marian","","HOD","045","Virginia Democratic Party","G","2850.00","9","0.00","0","7215.00","140","0.00","0","10065.00","149","0.00","1699.78","0.00","0.00","0.00","0.00","","",""
"CC980217","Van Landingham Election Fund","1999","07/15/1999","JULN15_99","05/27/1999","06/30/1999","E","R","","07/20/1999","T","1999","CandOfficer","Van Landingham","Marian","","HOD","045","Virginia Democratic Party","G","2400.00","8","0.00","0","1535.00","40","0.00","0","3935.00","48","0.00","-175.00","0.00","0.00","0.00","0.00","","",""
"CC980217","Van Landingham Election Fund","1999","09/15/1999","SEPN15_99","07/01/1999","08/31/1999","E","R","","09/29/1999","T","1999","CandOfficer","Van Landingham","Marian","","HOD","045","Virginia Democratic Party","G","2850.00","9","0.00","0","1570.00","27","0.00","0","4420.00","36","0.00","7782.88","0.00","0.00","0.00","0.00","","",""
"CC980217","Van Landingham Election Fund","1999","10/15/1999","OCTN15_99","09/01/1999","09/30/1999","E","R","","10/28/1999","T","1999","CandOfficer","Van Landingham","Marian","","HOD","045","Virginia Democratic Party","G","3600.00","22","0.00","0","3229.00","73","0.00","0","6829.00","95","0.00","17510.51","0.00","0.00","0.00","0.00","","",""
"CC980217","Van Landingham Election Fund","1999","10/25/1999","OCTN25_99","10/01/1999","10/20/1999","E","R","","11/29/1999","T","1999","CandOfficer","Van Landingham","Marian","","HOD","045","Virginia Democratic Party","G","3850.00","18","0.00","0","3525.00","83","0.00","0","7375.00","101","0.00","4148.35","0.00","0.00","0.00","0.00","","",""
"CC980217","Van Landingham Election Fund","1999","12/02/1999","DECN02_99","10/21/1999","11/25/1999","E","R","","12/16/1999","T","1999","CandOfficer","Van Landingham","Marian","","HOD","045","Virginia Democratic Party","G","2620.00","12","0.00","0","1030.00","21","0.00","0","3650.00","33","0.00","1063.58","0.00","0.00","0.00","0.00","","",""
"CC980217","Van Landingham Election Fund","1999","01/18/2000","JAN18_00","07/01/1999","12/31/1999","E","R","","08/10/2000","T","1999","CandOfficer","Van Landingham","Marian","","HOD","045","Virginia Democratic Party","G","300.00","1","300.00","1","25.00","1","100.00","0","625.00","3","300.00","3900.00","0.00","0.00","0.00","0.00","","",""
"CC980238","Friends of Dick Black","1999","06/01/1999","JUNN01_99","04/01/1999","05/26/1999","E","R","","06/01/1999","T","1999","CandOfficer","Black","Richard","","HOD","032","Virginia Republican Party","G","7900.00","23","6511.20","4","965.00","15","17.48","0","15376.20","42","6511.20","10981.17","0.00","0.00","0.00","0.00","","",""
"CC980240","Re-elect C Richard Cranwell","1999","07/15/1999","JULN15_99","05/27/1999","06/30/1999","E","R","","07/20/1999","T","1999","CandOfficer","Cranwell","C","Richard","HOD","014","Virginia Democratic Party","G","28100.00","14","0.00","0","225.00","3","500.00","0","28325.00","17","0.00","26042.80","0.00","0.00","0.00","0.00","","",""
"CC980240","Re-elect C Richard Cranwell","1999","09/15/1999","SEPN15_99","07/01/1999","08/31/1999","E","R","","09/28/1999","T","1999","CandOfficer","Cranwell","C","Richard","HOD","014","Virginia Democratic Party","G","81000.00","55","0.00","0","1261.51","25","50.00","0","82261.51","80","0.00","78602.94","0.00","0.00","0.00","0.00","","",""
"CC980240","Re-elect C Richard Cranwell","1999","10/15/1999","OCTN15_99","09/01/1999","09/30/1999","E","R","","10/21/1999","T","1999","CandOfficer","Cranwell","C","Richard","HOD","014","Virginia Democratic Party","G","156400.00","100","640.00","2","2864.00","69","0.00","0","159904.00","171","640.00","170373.04","0.00","0.00","0.00","0.00","","",""
"CC980240","Re-elect C Richard Cranwell","1999","10/25/1999","OCTN25_99","10/01/1999","10/20/1999","E","R","","11/02/1999","L","1999","CandOfficer","Cranwell","C","Richard","HOD","014","Virginia Democratic Party","G","128082.11","107","6220.75","3","3175.00","51","48.16","0","137477.86","161","6220.75","156264.51","0.00","30000.00","0.00","30000.00","","",""
"CC980240","Re-elect C Richard Cranwell","1999","01/18/2000","JAN18_00","07/01/1999","12/31/1999","E","R","","08/10/2000","T","1999","CandOfficer","Cranwell","C","Richard","HOD","014","Virginia Democratic Party","G","2450.00","5","0.00","0","0.00","0","0.00","0","2450.00","5","0.00","587.00","30000.00","0.00","0.00","30000.00","","",""
"CC980244","Re-elect Kevin G. Miller","1999","07/15/1999","JULN15_99","05/27/1999","06/30/1999","E","R","","07/19/1999","T","1999","CandOfficer","Miller","Kevin","G.","SEN","026","Virginia Republican Party","G","1200.00","3","0.00","0","175.00","2","29.44","0","1375.00","5","0.00","2500.00","0.00","0.00","0.00","0.00","","",""
"CC980244","Re-elect Kevin G. Miller","1999","09/15/1999","SEPN15_99","07/01/1999","08/31/1999","E","R","","10/04/1999","T","1999","CandOfficer","Miller","Kevin","G.","SEN","026","Virginia Republican Party","G","800.00","2","0.00","0","0.00","0","23.29","0","800.00","2","0.00","100.00","0.00","0.00","0.00","0.00","","",""
"CC980244","Re-elect Kevin G. Miller","1999","10/15/1999","OCTN15_99","09/01/1999","09/30/1999","E","R","","10/22/1999","T","1999","CandOfficer","Miller","Kevin","G.","SEN","026","Virginia Republican Party","G","800.00","3","0.00","0","0.00","0","11.95","0","800.00","3","0.00","175.00","0.00","0.00","0.00","0.00","","",""
"CC980244","Re-elect Kevin G. Miller","1999","10/25/1999","OCTN25_99","10/01/1999","10/20/1999","E","R","","11/29/1999","T","1999","CandOfficer","Miller","Kevin","G.","SEN","026","Virginia Republican Party","G","2750.00","5","0.00","0","200.00","2","0.00","0","2950.00","7","0.00","3565.25","0.00","0.00","0.00","0.00","","",""
"CC980244","Re-elect Kevin G. Miller","1999","12/02/1999","DECN02_99","10/21/1999","11/25/1999","E","R","","12/16/1999","T","1999","CandOfficer","Miller","Kevin","G.","SEN","026","Virginia Republican Party","G","2650.00","8","0.00","0","0.00","0","0.00","0","2650.00","8","0.00","0.00","0.00","0.00","0.00","0.00","","",""
"CC980244","Re-elect Kevin G. Miller","1999","01/18/2000","JAN18_00","07/01/1999","12/31/1999","E","R","","08/10/2000","T","1999","CandOfficer","Miller","Kevin","G.","SEN","026","Virginia Republican Party","G","0.00","0","0.00","0","0.00","0","41.50","0","0.00","0","0.00","1250.00","0.00","0.00","0.00","0.00","","",""
"CC980256","Reynolds for Senate","1999","06/01/1999","JUNN01_99","04/01/1999","05/26/1999","E","R","","06/15/1999","T","1999","CandOfficer","Reynolds","W.","Roscoe","SEN","020","Virginia Democratic Party","G","12543.26","27","255.96","1","167.10","3","0.00","0","12966.32","31","255.96","1852.24","0.00","0.00","0.00","0.00","","",""
"CC980256","Reynolds for Senate","1999","07/15/1999","JULN15_99","05/27/1999","06/30/1999","E","R","","07/20/1999","T","1999","CandOfficer","Reynolds","W.","Roscoe","SEN","020","Virginia Democratic Party","G","2450.00","7","0.00","0","100.00","1","0.00","0","2550.00","8","0.00","500.00","0.00","0.00","0.00","0.00","","",""
"CC980256","Reynolds for Senate","1999","09/15/1999","SEPN15_99","07/01/1999","08/31/1999","E","R","","09/27/1999","T","1999","CandOfficer","Reynolds","W.","Roscoe","SEN","020","Virginia Democratic Party","G","3750.00","9","0.00","0","0.00","0","0.00","0","3750.00","9","0.00","700.00","0.00","0.00","0.00","0.00","","",""
"CC980262","Friends of Steve Newman","1999","04/15/1999","APRN15_99","01/01/1999","03/01/1999","E","R","","04/28/1999","T","1999","CandOfficer","Newman","Stephen","D.","SEN","023","Virginia Republican Party","G","1000.00","1","0.00","0","0.00","0","0.00","0","1000.00","1","0.00","444.50","0.00","0.00","0.00","0.00","","",""
"CC980262","Friends of Steve Newman","1999","06/01/1999","JUNN01_99","04/01/1999","05/26/1999","E","R","","06/02/1999","T","1999","CandOfficer","Newman","Stephen","D.","SEN","023","Virginia Republican Party","G","23400.00","45","204.57","1","795.00","31","0.00","0","24399.57","77","204.57","1703.08","0.00","0.00","0.00","0.00","","",""
"CC980262","Friends of Steve Newman","1999","07/15/1999","JULN15_99","05/27/1999","06/30/1999","E","R","","07/20/1999","T","1999","CandOfficer","Newman","Stephen","D.","SEN","023","Virginia Republican Party","G","54600.00","75","0.00","0","4931.00","132","0.00","0","59531.00","207","0.00","6180.92","0.00","0.00","0.00","0.00","","",""
"CC980262","Friends of Steve Newman","1999","09/15/1999","SEPN15_99","07/01/1999","08/31/1999","E","R","","10/04/1999","T","1999","CandOfficer","Newman","Stephen","D.","SEN","023","Virginia Republican Party","G","27550.00","58","6150.00","3","12275.00","256","0.00","0","45975.00","317","6150.00","25157.48","0.00","0.00","0.00","0.00","","",""
"CC980262","Friends of Steve Newman","1999","10/15/1999","OCTN15_99","09/01/1999","09/30/1999","E","R","","11/18/1999","T","1999","CandOfficer","Newman","Stephen","D.","SEN","023","Virginia Republican Party","G","16817.11","43","8351.16","5","3256.55","71","0.00","0","28424.82","119","8351.16","33256.18","0.00","0.00","0.00","0.00","","",""
"CC980262","Friends of Steve Newman","1999","10/25/1999","OCTN25_99","10/01/1999","10/20/1999","E","R","","01/31/2000","T","1999","CandOfficer","Newman","Stephen","D.","SEN","023","Virginia Republican Party","G","19125.00","39","2275.00","1","3615.00","75","0.00","0","25015.00","115","2275.00","26124.14","0.00","0.00","0.00","0.00","","",""
"CC980263","Joe May for Delegate","1999","04/15/1999","APRN15_99","01/01/1999","03/01/1999","D","R","","04/28/1999","T","1999","CandOfficer","May","Joe","T.","HOD","033","Virginia Republican Party","G","2550.00","9","0.00","0","3485.00","69","0.00","0","6035.00","78","0.00","2856.64","0.00","0.00","0.00","0.00","","",""
"CC980263","Joe May for Delegate","1999","06/01/1999","JUNN01_99","04/01/1999","05/26/1999","E","R","","06/01/1999","T","1999","CandOfficer","May","Joe","T.","HOD","033","Virginia Republican Party","G","2000.00","7","0.00","0","75.00","2","352.80","0","2075.00","9","0.00","1471.88","0.00","0.00","0.00","0.00","","",""
"CC980263","Joe May for Delegate","1999","07/15/1999","JULN15_99","05/27/1999","06/30/1999","E","R","","07/19/1999","T","1999","CandOfficer","May","Joe","T.","HOD","033","Virginia Republican Party","G","9625.00","36","100.00","1","1290.00","24","0.00","0","11015.00","61","100.00","1818.91","0.00","0.00","0.00","0.00","","",""
"CC980263","Joe May for Delegate","1999","09/15/1999","SEPN15_99","07/01/1999","08/31/1999","E","R","","09/28/1999","T","1999","CandOfficer","May","Joe","T.","HOD","033","Virginia Republican Party","G","3000.00","9","0.00","0","275.00","5","0.00","0","3275.00","14","0.00","4093.52","0.00","0.00","0.00","0.00","","",""
"CC980263","Joe May for Delegate","1999","10/15/1999","OCTN15_99","09/01/1999","09/30/1999","E","R","","10/22/1999","T","1999","CandOfficer","May","Joe","T.","HOD","033","Virginia Republican Party","G","3450.00","13","0.00","0","150.00","2","0.00","0","3600.00","15","0.00","2609.00","0.00","0.00","0.00","0.00","","",""
"CC980263","Joe May for Delegate","1999","10/25/1999","OCTN25_99","10/01/1999","10/20/1999","E","R","","11/02/1999","T","1999","CandOfficer","May","Joe","T.","HOD","033","Virginia Republican Party","G","2957.11","10","671.59","1","200.00","2","0.00","0","3828.70","13","671.59","8775.13","0.00","0.00","0.00","0.00","","",""
"CC980263","Joe May for Delegate","1999","12/02/1999","DECN02_99","10/21/1999","11/25/1999","E","R","","12/16/1999","T","1999","CandOfficer","May","Joe","T.","HOD","033","Virginia Republican Party","G","2500.00","9","0.00","0","224.00","3","0.00","0","2724.00","12","0.00","2348.11","0.00","0.00","0.00","0.00","","",""
"CC980263","Joe May for Delegate","1999","01/18/2000","JAN18_00","07/01/1999","12/31/1999","E","F","","08/10/2000","T","1999","CandOfficer","May","Joe","T.","HOD","033","Virginia Republican Party","G","250.00","1","0.00","0","0.00","0","0.00","0","250.00","1","0.00","-0.50","0.00","0.00","0.00","0.00","","",""
"CC980264","Committee to Re-Elect Jay Katzen","1999","04/15/1999","APRN15_99","01/01/1999","03/01/1999","E","R","","04/28/1999","T","1999","CandOfficer","Katzen","Jay","","HOD","031","Virginia Republican Party","G","42768.14","8","572.87","2","810.00","13","0.00","0","44151.01","23","572.87","17488.32","0.00","352.80","0.00","352.80","","",""
"CC980264","Committee to Re-Elect Jay Katzen","1999","06/01/1999","JUNN01_99","04/01/1999","05/26/1999","E","R","","06/03/1999","T","1999","CandOfficer","Katzen","Jay","","HOD","031","Virginia Republican Party","G","15330.00","41","0.00","0","10415.00","195","74.75","0","25745.00","236","0.00","19291.19","352.80","0.00","0.00","352.80","","",""
"CC980264","Committee to Re-Elect Jay Katzen","1999","07/15/1999","JULN15_99","05/27/1999","06/30/1999","E","R","","07/20/1999","T","1999","CandOfficer","Katzen","Jay","","HOD","031","Virginia Republican Party","G","13985.00","42","6110.60","4","4440.00","102","0.00","0","24535.60","148","6110.60","7828.16","352.80","350.00","0.00","702.80","","",""
"CC980264","Committee to Re-Elect Jay Katzen","1999","09/15/1999","SEPN15_99","07/01/1999","08/31/1999","E","R","","10/04/1999","T","1999","CandOfficer","Katzen","Jay","","HOD","031","Virginia Republican Party","G","14015.00","52","5121.55","9","8712.00","190","0.00","0","27848.55","251","5121.55","33221.75","702.80","32.22","60.00","675.02","","",""
"CC980264","Committee to Re-Elect Jay Katzen","1999","10/15/1999","OCTN15_99","09/01/1999","09/30/1999","E","R","","10/21/1999","T","1999","CandOfficer","Katzen","Jay","","HOD","031","Virginia Republican Party","G","14301.00","46","11665.00","12","2490.53","52","22.94","0","28456.53","110","11665.00","12349.85","675.02","0.00","0.00","675.02","","",""
"CC980264","Committee to Re-Elect Jay Katzen","1999","12/02/1999","DECN02_99","10/21/1999","11/25/1999","E","R","","01/31/2000","T","1999","CandOfficer","Katzen","Jay","","HOD","031","Virginia Republican Party","G","16474.40","65","15852.44","14","2430.50","52","132.74","0","34757.34","131","15852.44","36974.16","825.02","1455.56","0.00","2280.58","","",""
"CC980264","Committee to Re-Elect Jay Katzen","1999","10/25/1999","OCTN25_99","10/01/1999","10/20/1999","E","R","","01/31/2000","T","1999","CandOfficer","Katzen","Jay","","HOD","031","Virginia Republican Party","G","7391.11","40","38.37","1","3143.00","86","0.00","0","10572.48","127","38.37","8670.37","675.02","150.00","0.00","825.02","","",""
"CC980264","Committee to Re-Elect Jay Katzen","1999","01/18/2000","JAN18_00","07/01/1999","12/31/1999","E","R","","07/19/2000","T","1999","CandOfficer","Katzen","Jay","","HOD","031","Virginia Republican Party","G","300.00","1","350.00","1","0.00","0","38.68","0","650.00","2","350.00","19749.61","2280.58","0.00","852.80","1427.78","","",""
"CC980268","Re-Elect Jackson for Delegate","1999","06/01/1999","JUNN01_99","04/01/1999","05/26/1999","D","R","","06/01/1999","T","1999","CandOfficer","Jackson","Thomas","M.","HOD","006","Virginia Democratic Party","G","1000.00","3","0.00","0","0.00","0","0.00","0","1000.00","3","0.00","1181.27","0.00","0.00","0.00","0.00","","",""
"CC980268","Re-Elect Jackson for Delegate","1999","07/15/1999","JULN15_99","05/27/1999","06/30/1999","E","R","","07/20/1999","T","1999","CandOfficer","Jackson","Thomas","M.","HOD","006","Virginia Democratic Party","G","0.00","0","0.00","0","0.00","0","0.00","0","0.00","0","0.00","122.40","0.00","0.00","0.00","0.00","","",""
"CC980268","Re-Elect Jackson for Delegate","1999","09/15/1999","SEPN15_99","07/01/1999","08/31/1999","E","R","","09/28/1999","T","1999","CandOfficer","Jackson","Thomas","M.","HOD","006","Virginia Democratic Party","G","18720.00","73","0.00","0","2025.00","94","0.00","0","20745.00","167","0.00","8163.48","0.00","0.00","0.00","0.00","","",""
"CC980268","Re-Elect Jackson for Delegate","1999","10/15/1999","OCTN15_99","09/01/1999","09/30/1999","E","R","","10/14/1999","T","1999","CandOfficer","Jackson","Thomas","M.","HOD","006","Virginia Democratic Party","G","1900.00","5","0.00","0","0.00","0","0.00","0","1900.00","5","0.00","1213.67","0.00","0.00","0.00","0.00","","",""
"CC980268","Re-Elect Jackson for Delegate","1999","10/25/1999","OCTN25_99","10/01/1999","10/20/1999","E","R","","10/29/1999","T","1999","CandOfficer","Jackson","Thomas","M.","HOD","006","Virginia Democratic Party","G","2850.00","7","0.00","0","300.00","3","0.00","0","3150.00","10","0.00","20669.60","0.00","0.00","0.00","0.00","","",""
"CC980268","Re-Elect Jackson for Delegate","1999","12/02/1999","DECN02_99","10/21/1999","11/25/1999","E","R","","12/13/1999","T","1999","CandOfficer","Jackson","Thomas","M.","HOD","006","Virginia Democratic Party","G","2850.00","7","0.00","0","0.00","0","0.00","0","2850.00","7","0.00","3546.96","0.00","0.00","0.00","0.00","","",""
"CC980268","Re-Elect Jackson for Delegate","1999","01/18/2000","JAN18_00","07/01/1999","12/31/1999","E","R","","08/10/2000","T","1999","CandOfficer","Jackson","Thomas","M.","HOD","006","Virginia Democratic Party","G","0.00","0","0.00","0","0.00","0","473.42","0","0.00","0","0.00","2990.42","0.00","0.00","0.00","0.00","","",""
"CC980307","Committee to Re-Elect Kenneth Plum","1999","04/15/1999","APRN15_99","01/01/1999","03/01/1999","E","R","","06/01/1999","T","2007","CandOfficer","Plum","Kenneth","R.","HOD","036","Virginia Democratic Party","G","2000.00","4","0.00","0","360.00","8","100.51","0","2360.00","12","0.00","9584.31","0.00","0.00","0.00","0.00","","",""
"CC980307","Committee to Re-Elect Kenneth Plum","1999","06/01/1999","JUNN01_99","04/01/1999","05/26/1999","E","R","","06/02/1999","T","2007","CandOfficer","Plum","Kenneth","R.","HOD","036","Virginia Democratic Party","G","9300.00","14","0.00","0","25.00","1","514.19","0","9325.00","15","0.00","8124.04","0.00","0.00","0.00","0.00","","",""
"CC980307","Committee to Re-Elect Kenneth Plum","1999","07/15/1999","JULN15_99","05/27/1999","06/30/1999","E","R","","07/20/1999","T","2007","CandOfficer","Plum","Kenneth","R.","HOD","036","Virginia Democratic Party","G","3900.00","10","0.00","0","95.00","1","91.82","0","3995.00","11","0.00","4835.18","0.00","0.00","0.00","0.00","","",""
"CC980307","Committee to Re-Elect Kenneth Plum","1999","09/15/1999","SEPN15_99","07/01/1999","08/31/1999","E","R","","09/27/1999","T","2007","CandOfficer","Plum","Kenneth","R.","HOD","036","Virginia Democratic Party","G","25550.00","59","2917.12","3","500.00","5","46.02","0","28967.12","67","2917.12","7878.44","0.00","0.00","0.00","0.00","","",""
"CC980307","Committee to Re-Elect Kenneth Plum","1999","10/15/1999","OCTN15_99","09/01/1999","09/30/1999","E","R","","10/21/1999","T","2007","CandOfficer","Plum","Kenneth","R.","HOD","036","Virginia Democratic Party","G","16144.99","62","15249.63","8","6095.00","116","30.02","0","37489.62","186","15249.63","26505.10","0.00","0.00","0.00","0.00","","",""
"CC980307","Committee to Re-Elect Kenneth Plum","1999","10/25/1999","OCTN25_99","10/01/1999","10/20/1999","E","R","","11/29/1999","T","2007","CandOfficer","Plum","Kenneth","R.","HOD","036","Virginia Democratic Party","G","7757.11","24","0.00","0","1235.00","23","0.00","0","8992.11","47","0.00","25065.71","0.00","0.00","0.00","0.00","","",""
"CC980307","Committee to Re-Elect Kenneth Plum","1999","12/02/1999","DECN02_99","10/21/1999","11/25/1999","E","R","","12/16/1999","T","2007","CandOfficer","Plum","Kenneth","R.","HOD","036","Virginia Democratic Party","G","4105.00","20","0.00","0","5008.00","111","2109.04","0","9113.00","131","0.00","28234.17","0.00","0.00","0.00","0.00","","",""
"CC980307","Committee to Re-Elect Kenneth Plum","1999","01/18/2000","JAN18_00","07/01/1999","12/31/1999","E","F","","08/10/2000","T","2007","CandOfficer","Plum","Kenneth","R.","HOD","036","Virginia Democratic Party","G","0.00","0","1350.00","3","125.00","2","117.97","0","1475.00","5","1350.00","3768.68","0.00","0.00","0.00","0.00","","",""
"CC980308","Committee to Re-Elect Clifton Woodrum","1999","06/01/1999","JUNN01_99","04/01/1999","05/26/1999","E","R","","06/02/1999","T","1999","CandOfficer","Woodrum","Clifton","A.","HOD","016","Virginia Democratic Party","G","29012.10","4","0.00","0","0.00","0","0.00","0","29012.10","4","0.00","1372.15","0.00","0.00","0.00","0.00","","",""
"CC980308","Committee to Re-Elect Clifton Woodrum","1999","07/15/1999","JULN15_99","05/27/1999","06/30/1999","E","R","","07/19/1999","T","1999","CandOfficer","Woodrum","Clifton","A.","HOD","016","Virginia Democratic Party","G","16125.00","36","495.64","1","300.00","3","54.03","0","16920.64","40","495.64","1417.45","0.00","0.00","0.00","0.00","","",""
"CC980308","Committee to Re-Elect Clifton Woodrum","1999","09/15/1999","SEPN15_99","07/01/1999","08/31/1999","E","R","","09/27/1999","T","1999","CandOfficer","Woodrum","Clifton","A.","HOD","016","Virginia Democratic Party","G","8575.00","21","0.00","0","200.00","2","78.78","0","8775.00","23","0.00","17494.82","0.00","0.00","0.00","0.00","","",""
"CC980308","Committee to Re-Elect Clifton Woodrum","1999","10/15/1999","OCTN15_99","09/01/1999","09/30/1999","E","R","","10/21/1999","T","1999","CandOfficer","Woodrum","Clifton","A.","HOD","016","Virginia Democratic Party","G","7500.00","18","6984.99","2","150.00","2","0.00","0","14634.99","22","6984.99","4742.77","0.00","0.00","0.00","0.00","","",""
"CC980308","Committee to Re-Elect Clifton Woodrum","1999","10/25/1999","OCTN25_99","10/01/1999","10/20/1999","E","R","","11/02/1999","T","1999","CandOfficer","Woodrum","Clifton","A.","HOD","016","Virginia Democratic Party","G","7557.11","18","0.00","0","350.00","5","27.49","0","7907.11","23","0.00","16651.47","0.00","0.00","0.00","0.00","","",""
"CC980308","Committee to Re-Elect Clifton Woodrum","1999","12/02/1999","DECN02_99","10/21/1999","11/25/1999","E","R","","12/16/1999","T","1999","CandOfficer","Woodrum","Clifton","A.","HOD","016","Virginia Democratic Party","G","4135.00","12","216.90","1","969.00","13","32.93","0","5320.90","26","216.90","17797.10","0.00","0.00","0.00","0.00","","",""
"CC980308","Committee to Re-Elect Clifton Woodrum","1999","01/18/2000","JAN18_00","07/01/1999","12/31/1999","E","R","","08/10/2000","T","1999","CandOfficer","Woodrum","Clifton","A.","HOD","016","Virginia Democratic Party","G","1500.00","2","0.00","0","100.00","1","10.42","0","1600.00","3","0.00","5600.00","0.00","0.00","0.00","0.00","","",""
"CC980330","Erick Allen Bowman for Delegate","1999","07/17/2000","JUL17_00","01/01/2000","06/30/2000","D","F","","07/15/2000","T","1999","CandOfficer","Bowman","Erick","Allen","HOD","002","Virginia Republican Party","G","0.00","0","0.00","0","0.00","0","0.00","0","0.00","0","0.00","0.00","607.26","0.00","607.26","0.00","0.00","0","0.00"
"CC980333","Garry Myers for State Senate","1999","10/15/1999","OCTN15_99","09/01/1999","09/30/1999","E","R","","10/22/1999","T","1999","CandOfficer","Myers","Garry","C","SEN","033","Virginia Republican Party","G","0.00","0","0.00","0","1010.68","37","0.00","0","1010.68","37","0.00","1311.44","0.00","0.00","0.00","0.00","","",""
"CC980333","Garry Myers for State Senate","1999","10/25/1999","OCTN25_99","10/01/1999","10/20/1999","E","R","","11/02/1999","T","1999","CandOfficer","Myers","Garry","C","SEN","033","Virginia Republican Party","G","250.00","1","0.00","0","899.00","24","0.00","0","1149.00","25","0.00","794.30","0.00","0.00","0.00","0.00","","",""
"CC980335","Thomas for 36th District","1999","10/25/1999","OCTN25_99","10/01/1999","10/20/1999","E","R","","01/31/2000","T","1999","CandOfficer","Thomas","Peter","L","HOD","036","Virginia Democratic Party","G","0.00","1","2.00","0","0.00","674","0.00","0","0.00","0","0.00","674.00","0.00","0.00","0.00","0.00","","",""
"CC980339","Committee to Re-Elect Mitchell Van Yahres","1999","04/15/1999","APRN15_99","01/01/1999","03/01/1999","E","R","","06/15/1999","T","1999","CandOfficer","Van Yahres","Mitchell","","HOD","057","Virginia Democratic Party","G","15169.02","1","0.00","0","0.00","0","0.00","0","15169.02","1","0.00","3062.44","0.00","0.00","0.00","0.00","","",""
"CC980339","Committee to Re-Elect Mitchell Van Yahres","1999","06/01/1999","JUNN01_99","04/01/1999","05/26/1999","E","R","","06/15/1999","T","1999","CandOfficer","Van Yahres","Mitchell","","HOD","057","Virginia Democratic Party","G","0.00","0","0.00","0","100.00","1","0.00","0","100.00","1","0.00","1027.32","0.00","0.00","0.00","0.00","","",""
"CC980339","Committee to Re-Elect Mitchell Van Yahres","1999","09/15/1999","SEPN15_99","07/01/1999","08/31/1999","E","R","","10/06/1999","T","1999","CandOfficer","Van Yahres","Mitchell","","HOD","057","Virginia Democratic Party","G","4150.00","15","473.03","1","0.00","0","0.00","0","4623.03","16","473.03","2020.00","0.00","0.00","0.00","0.00","","",""
"CC980339","Committee to Re-Elect Mitchell Van Yahres","1999","10/15/1999","OCTN15_99","09/01/1999","09/30/1999","E","R","","10/22/1999","T","1999","CandOfficer","Van Yahres","Mitchell","","HOD","057","Virginia Democratic Party","G","4775.00","13","1286.28","1","300.00","3","0.00","0","6361.28","17","1286.28","11739.77","0.00","0.00","0.00","0.00","","",""
"CC980339","Committee to Re-Elect Mitchell Van Yahres","1999","10/25/1999","OCTN25_99","10/01/1999","10/20/1999","E","R","","11/29/1999","T","1999","CandOfficer","Van Yahres","Mitchell","","HOD","057","Virginia Democratic Party","G","4350.00","12","0.00","0","1510.00","34","0.00","0","5860.00","46","0.00","2110.64","0.00","0.00","0.00","0.00","","",""
"CC980339","Committee to Re-Elect Mitchell Van Yahres","1999","12/02/1999","DECN02_99","10/21/1999","11/25/1999","E","R","","12/16/1999","T","1999","CandOfficer","Van Yahres","Mitchell","","HOD","057","Virginia Democratic Party","G","2495.00","10","0.00","0","1105.00","22","0.00","0","3600.00","32","0.00","12235.23","0.00","0.00","0.00","0.00","","",""
"CC980339","Committee to Re-Elect Mitchell Van Yahres","1999","01/18/2000","JAN18_00","07/01/1999","12/31/1999","E","R","","08/10/2000","T","1999","CandOfficer","Van Yahres","Mitchell","","HOD","057","Virginia Democratic Party","G","3250.00","3","0.00","0","0.00","0","0.00","0","3250.00","3","0.00","16.00","0.00","0.00","0.00","0.00","","",""
"CC980356","J. D. Dori Callahan for Delegate","1999","09/15/1999","SEPN15_99","07/01/1999","08/31/1999","E","R","","10/04/1999","T","1999","CandOfficer","Callahan","J.","D.","HOD","030","Virginia Democratic Party","G","1620.00","6","5652.00","7","1665.66","34","0.00","0","8937.66","47","5652.00","1519.60","0.00","0.00","0.00","0.00","","",""
"CC980356","J. D. Dori Callahan for Delegate","1999","10/15/1999","OCTN15_99","09/01/1999","09/30/1999","E","R","","10/22/1999","T","1999","CandOfficer","Callahan","J.","D.","HOD","030","Virginia Democratic Party","G","1072.00","12","2953.00","8","1323.00","29","0.00","0","5348.00","49","2953.00","1711.79","0.00","0.00","0.00","0.00","","",""
"CC980356","J. D. Dori Callahan for Delegate","1999","10/25/1999","OCTN25_99","10/01/1999","10/20/1999","E","R","","11/29/1999","T","1999","CandOfficer","Callahan","J.","D.","HOD","030","Virginia Democratic Party","G","450.00","3","1520.00","3","577.00","9","0.00","0","2547.00","15","1520.00","3731.75","0.00","0.00","0.00","0.00","","",""
"CC980356","J. D. Dori Callahan for Delegate","1999","12/02/1999","DECN02_99","10/21/1999","11/25/1999","E","R","","12/16/1999","T","1999","CandOfficer","Callahan","J.","D.","HOD","030","Virginia Democratic Party","G","550.00","6","1335.00","3","170.00","4","0.00","0","2055.00","13","1335.00","744.75","0.00","0.00","0.00","0.00","","",""
"CC980373","Friends of Michael Ball","1999","09/15/1999","SEPN15_99","07/01/1999","08/31/1999","D","R","","09/15/1999","T","1999","CandOfficer","Ball","Michael","L.","HOD","090","Virginia Republican Party","G","3201.00","8","800.00","2","905.00","27","0.00","0","4906.00","37","800.00","7963.00","1000.00","800.00","0.00","1800.00","","",""
"CC980373","Friends of Michael Ball","1999","07/15/1999","JULN15_99","05/27/1999","06/30/1999","E","R","","09/28/1999","T","1999","CandOfficer","Ball","Michael","L.","HOD","090","Virginia Republican Party","G","4753.00","12","170.00","1","1600.00","37","0.00","0","6523.00","50","170.00","0.00","0.00","1000.00","0.00","1000.00","","",""
"CC980373","Friends of Michael Ball","1999","10/25/1999","OCTN25_99","10/01/1999","10/20/1999","E","R","","11/08/1999","T","1999","CandOfficer","Ball","Michael","L.","HOD","090","Virginia Republican Party","G","3125.00","13","4000.00","2","1785.00","32","0.00","0","8910.00","47","4000.00","2790.00","1000.00","0.00","0.00","1000.00","","",""
"CC980373","Friends of Michael Ball","1999","12/02/1999","DECN02_99","10/21/1999","11/25/1999","E","R","","12/16/1999","T","1999","CandOfficer","Ball","Michael","L.","HOD","090","Virginia Republican Party","G","10225.00","13","0.00","0","1165.00","16","0.00","0","11390.00","29","0.00","15296.55","1800.00","0.00","0.00","1800.00","","",""
"CC980383","Campbell for Senate","1999","07/15/1999","JULN15_99","05/27/1999","06/30/1999","E","R","","07/19/1999","T","1999","CandOfficer","Campbell","John","C.","SEN","023","Virginia Democratic Party","G","4975.00","6","3537.51","5","760.00","18","0.00","0","9272.51","29","3537.51","5578.72","0.00","0.00","0.00","0.00","","",""
"CC980383","Campbell for Senate","1999","09/15/1999","SEPN15_99","07/01/1999","08/31/1999","E","R","","10/04/1999","T","1999","CandOfficer","Campbell","John","C.","SEN","023","Virginia Democratic Party","G","12113.00","33","2573.50","8","4132.50","104","0.00","0","18819.00","145","2573.50","14236.71","0.00","0.00","0.00","0.00","","",""
"CC980383","Campbell for Senate","1999","10/15/1999","OCTN15_99","09/01/1999","09/30/1999","E","R","","10/28/1999","T","1999","CandOfficer","Campbell","John","C.","SEN","023","Virginia Democratic Party","G","7300.00","10","1350.00","5","1499.00","27","0.00","0","10149.00","42","1350.00","7040.81","0.00","0.00","0.00","0.00","","",""
"CC980383","Campbell for Senate","1999","12/02/1999","DECN02_99","10/21/1999","11/25/1999","E","R","","01/31/2000","T","1999","CandOfficer","Campbell","John","C.","SEN","023","Virginia Democratic Party","G","3025.00","10","900.00","1","1405.00","20","0.00","0","5330.00","31","900.00","13850.57","0.00","6400.00","0.00","6400.00","","",""
"CC980383","Campbell for Senate","1999","10/25/1999","OCTN25_99","10/01/1999","10/20/1999","E","R","","01/31/2000","T","1999","CandOfficer","Campbell","John","C.","SEN","023","Virginia Democratic Party","G","11345.00","36","9006.20","7","3445.00","70","85.36","0","23796.20","113","9006.20","21482.70","0.00","0.00","0.00","0.00","","",""
"CC980405","Oppenhagen for Delegate","1999","09/15/1999","SEPN15_99","07/01/1999","08/31/1999","E","R","","10/06/1999","T","2005","CandOfficer","Oppenhagen","Denise","","HOD","013","Virginia Democratic Party","G","9811.00","20","650.00","1","5951.00","112","0.00","0","16412.00","133","650.00","14589.45","7559.80","0.00","1000.00","6559.80","","",""
"CC980598","FitzSimmonds for State Senate","1999","01/18/2000","JAN18_00","07/01/1999","12/31/1999","E","R","","10/17/2000","L","1998","CandOfficer","FitzSimmonds","Robert","S.","SEN","029","Virginia Republican Party","G","5000.00","1","0.00","0","0.00","0","0.00","0","5000.00","1","0.00","677.87","21000.00","0.00","2000.00","19000.00","","",""
"CC980598","FitzSimmonds for State Senate","1999","06/01/1999","JUNN01_99","04/01/1999","05/26/1999","E","R","","10/17/2000","T","1998","CandOfficer","FitzSimmonds","Robert","S.","SEN","029","Virginia Republican Party","G","505.00","5","0.00","0","1660.00","33","0.00","0","2165.00","38","0.00","1493.96","0.00","7000.00","0.00","7000.00","","",""
"CC980598","FitzSimmonds for State Senate","1999","04/15/1999","APRN15_99","01/01/1999","03/01/1999","E","R","","10/17/2000","T","1998","CandOfficer","FitzSimmonds","Robert","S.","SEN","029","Virginia Republican Party","G","700.00","4","323.04","1","665.00","16","0.00","0","1688.04","21","323.04","699.10","0.00","0.00","0.00","0.00","","",""
"CC980598","FitzSimmonds for State Senate","1999","07/15/1999","JULN15_99","05/27/1999","06/30/1999","E","R","","10/17/2000","T","1998","CandOfficer","FitzSimmonds","Robert","S.","SEN","029","Virginia Republican Party","G","1850.00","7","575.00","3","980.00","21","0.00","0","3405.00","31","575.00","9943.46","7000.00","0.00","0.00","7000.00","","",""
"CC980598","FitzSimmonds for State Senate","1999","09/15/1999","SEPN15_99","07/01/1999","08/31/1999","E","R","","10/17/2000","T","1998","CandOfficer","FitzSimmonds","Robert","S.","SEN","029","Virginia Republican Party","G","9835.00","29","9704.00","8","2025.00","45","0.00","0","21564.00","82","9704.00","10028.01","7000.00","9000.00","0.00","16000.00","","",""
"CC980598","FitzSimmonds for State Senate","1999","10/15/1999","OCTN15_99","09/01/1999","09/30/1999","E","R","","10/17/2000","T","1998","CandOfficer","FitzSimmonds","Robert","S.","SEN","029","Virginia Republican Party","G","385.00","3","2500.00","1","470.00","13","0.00","0","3355.00","17","2500.00","7064.03","16000.00","0.00","0.00","16000.00","","",""
"CC980598","FitzSimmonds for State Senate","1999","10/25/1999","OCTN25_99","10/01/1999","10/20/1999","E","R","","10/17/2000","L","1998","CandOfficer","FitzSimmonds","Robert","S.","SEN","029","Virginia Republican Party","G","38175.00","14","3500.00","2","1604.00","67","0.00","0","43279.00","83","3500.00","22214.35","16000.00","5000.00","0.00","21000.00","","",""
