"Committee Code","Committee Name","Report Year","Report Due Date","Report Code","Report Start Date","Report Ending Date","Fling Source Type","Filing Type","Amended Count","Date Received","Filing Status","Election Year","Officer Position","Last Name","First Name","Middle Name","SCHED_ID","Begin Cash Bal","Receips Line4 G","Receipts Line5 G","Receipts Line10 G","Tot Expend Funds","Exp Line8 G","Exp Line12 G","Surplus XFerred","Tot Surplus I","End Cash Bal","Tot Receipts To Date","Total Exp To Date","Debt Outstanding","Bal Start Cycle","Tot Receipts Line24 Last Rep","Tot Receipts Elec Cycle","Tot Funds Available","Total Disb Last Rep","Total Disb Elec Cycle","Ending Balance"
"91-124","Amalgamated Transit Union Committee on Political Education in Virginia","2001","01/15/2002","JAN15_02","07/01/2001","12/31/2001","E","R","","11/08/2002","T","0","Treasurer","Mathieu","Jacques","C","H","4288.86","0.00","0.00","0.00","4288.86","0.00","0.00","0.00","0.00","4288.86","10793.86","6505.00","0.00","","","","","","",""
"91-124","Amalgamated Transit Union Committee on Political Education in Virginia","2001","10/29/2001","OCTN29_01","10/01/2001","10/24/2001","E","R","","11/08/2002","L","0","Treasurer","Mathieu","Jacques","C","H","6676.24","0.00","0.00","0.00","6676.24","5494.00","0.00","0.00","0.00","1182.24","7176.24","5994.00","0.00","","","","","","",""
"91-138","Home Builders Association of Richmond Builders PAC","2001","06/04/2001","JUNN04_01","04/01/2001","05/30/2001","E","R","","06/04/2001","T","0","Treas","Sprigg","Susan","R","H","86913.74","2190.00","157.67","0.00","89261.41","35.00","0.00","0.00","0.00","89226.41","238782.90","156525.01","0.00","","","","","","",""
"91-138","Home Builders Association of Richmond Builders PAC","2001","07/16/2001","JULN16_01","05/31/2001","06/30/2001","E","R","","07/19/2001","T","0","Treas","Sprigg","Susan","R","H","89226.41","1710.00","86.56","0.00","91022.97","0.00","0.00","0.00","0.00","91022.97","240579.46","156525.01","0.00","","","","","","",""
"91-138","Home Builders Association of Richmond Builders PAC","2001","09/17/2001","SEPN17_01","07/01/2001","08/31/2001","E","R","","09/21/2001","T","0","Treas","Sprigg","Susan","R","H","91022.97","1500.00","178.83","0.00","92701.80","0.00","0.00","0.00","0.00","92701.80","242258.29","156525.01","0.00","","","","","","",""
"91-138","Home Builders Association of Richmond Builders PAC","2001","12/06/2001","DECN06_01","10/25/2001","11/29/2001","E","R","","12/10/2001","L","0","Treas","Sprigg","Susan","R","H","94167.03","1380.00","80.26","0.00","95627.29","0.00","0.00","0.00","0.00","95627.29","245183.78","156525.01","0.00","","","","","","",""
"91-138","Home Builders Association of Richmond Builders PAC","2001","01/15/2002","JAN15_02","07/01/2001","12/31/2001","E","R","","01/28/2002","L","0","Treas","Sprigg","Susan","R","H","95627.29","1170.00","72.35","0.00","96869.64","2520.00","0.00","0.00","0.00","94349.64","246426.13","159045.01","0.00","","","","","","",""
"91-138","Home Builders Association of Richmond Builders PAC","2001","10/15/2001","OCTN15_01","09/01/2001","09/30/2001","E","R","","04/10/2003","L","0","Treas","Sprigg","Susan","R","H","92701.80","810.00","91.71","0.00","93603.51","0.00","0.00","0.00","0.00","93603.51","243160.00","156525.01","0.00","","","","","","",""
"91-150","Virginia Society of Professional Engineers PAC","2001","10/15/2001","OCTN15_01","09/01/2001","09/30/2001","E","R","","09/20/2001","T","0","Exec Director","Dicks","Leigh","","H","19852.02","50.00","12.18","0.00","19914.20","0.00","0.00","0.00","0.00","19914.20","2873.68","1035.00","0.00","","","","","","",""
"91-150","Virginia Society of Professional Engineers PAC","2001","09/17/2001","SEPN17_01","07/01/2001","08/31/2001","E","R","","09/21/2001","T","0","Exec Director","Dicks","Leigh","","H","20118.28","220.00","13.74","0.00","20352.02","500.00","0.00","0.00","0.00","19852.02","2811.50","1035.00","0.00","","","","","","",""
"91-150","Virginia Society of Professional Engineers PAC","2001","10/29/2001","OCTN29_01","10/01/2001","10/24/2001","E","R","","10/31/2001","T","0","Exec Director","Dicks","Leigh","","H","19914.20","0.00","0.00","0.00","19914.20","0.00","0.00","0.00","0.00","19914.20","2873.68","1035.00","0.00","","","","","","",""
"91-150","Virginia Society of Professional Engineers PAC","2001","01/15/2002","JAN15_02","07/01/2001","12/31/2001","E","R","","01/16/2002","T","0","Exec Director","Dicks","Leigh","","H","14135.29","2546.00","7.20","0.00","16688.49","0.00","0.00","0.00","0.00","16688.49","5622.97","7010.00","0.00","","","","","","",""
"91-150","Virginia Society of Professional Engineers PAC","2001","07/16/2001","JULN16_01","05/31/2001","06/30/2001","E","R","","04/01/2002","T","0","Exec Director","Dicks","Leigh","","H","20325.59","35.00","7.69","0.00","20368.28","250.00","0.00","0.00","0.00","20118.28","2577.76","535.00","0.00","","","","","","",""
"91-157","VAPAC-Independent Insurance Agents Of VA Political Affairs","2001","01/16/2001","JAN16_01","07/01/2000","12/31/2000","E","R","","02/07/2001","T","0","Treasurer","Bradshaw, Jr. MAM","Robert","N","H","0.00","3675.00","67.53","0.00","3742.53","3850.00","0.00","0.00","0.00","-107.47","11527.53","10775.00","0.00","","","","","","",""
"91-157","VAPAC-Independent Insurance Agents Of VA Political Affairs","2001","04/16/2001","APRN16_01","01/01/2001","03/31/2001","E","R","","04/05/2001","T","0","Treasurer","Bradshaw, Jr. MAM","Robert","N","H","0.00","850.00","6.97","0.00","856.97","350.00","0.00","0.00","0.00","506.97","4598.97","4200.00","0.00","","","","","","",""
"91-157","VAPAC-Independent Insurance Agents Of VA Political Affairs","2001","06/04/2001","JUNN04_01","04/01/2001","05/30/2001","E","R","","06/01/2001","T","0","Treasurer","Bradshaw, Jr. MAM","Robert","N","H","856.97","2200.00","2.51","0.00","3059.48","2100.00","0.00","0.00","0.00","959.48","2552.51","2606.96","0.00","","","","","","",""
"91-157","VAPAC-Independent Insurance Agents Of VA Political Affairs","2001","10/15/2001","OCTN15_01","09/01/2001","09/30/2001","E","R","","09/20/2001","T","0","Treasurer","Bradshaw, Jr. MAM","Robert","N","H","1369.00","100.00","0.00","0.00","1469.00","800.00","0.00","0.00","0.00","669.00","4762.03","5106.96","0.00","","","","","","",""
"91-157","VAPAC-Independent Insurance Agents Of VA Political Affairs","2001","09/17/2001","SEPN17_01","07/01/2001","08/31/2001","E","R","","09/21/2001","T","0","Treasurer","Bradshaw, Jr. MAM","Robert","N","H","2661.75","405.00","2.25","0.00","3069.00","1700.00","0.00","0.00","0.00","1369.00","4662.03","4306.96","0.00","","","","","","",""
"91-157","VAPAC-Independent Insurance Agents Of VA Political Affairs","2001","01/15/2002","JAN15_02","07/01/2001","12/31/2001","E","R","","01/16/2002","T","0","Treasurer","Bradshaw, Jr. MAM","Robert","N","H","-2854.94","0.00","1.08","0.00","-2853.86","250.00","0.00","0.00","0.00","-3103.86","5762.31","8759.70","0.00","","","","","","",""
"91-157","VAPAC-Independent Insurance Agents Of VA Political Affairs","2001","01/16/2001","JAN16_01","07/01/2000","12/31/2000","E","A","","08/26/2004","T","0","Treasurer","Bradshaw, Jr. MAM","Robert","N","H","0.00","3675.00","67.53","0.00","3742.53","3850.00","0.00","0.00","0.00","-107.47","11527.53","10775.00","0.00","","","","","","",""
"91-190","McGuireWoods LLP","2001","04/16/2001","APRN16_01","01/01/2001","03/31/2001","E","R","","04/13/2001","T","0","Treas","Horton","Stephen","","H","0.00","89982.88","0.00","0.00","89982.88","74032.88","0.00","0.00","0.00","15950.00","523808.70","494507.33","0.00","","","","","","",""
"91-190","McGuireWoods LLP","2001","06/04/2001","JUNN04_01","04/01/2001","05/30/2001","E","R","","06/01/2001","T","0","Treas","Horton","Stephen","","H","15950.00","12600.00","0.00","0.00","28550.00","14900.00","0.00","0.00","0.00","13650.00","536408.70","509407.33","0.00","","","","","","",""
"91-190","McGuireWoods LLP","2001","07/16/2001","JUL16_01","01/01/2001","06/30/2001","E","R","","07/19/2001","T","0","Treas","Horton","Stephen","","H","13650.00","31450.00","0.00","0.00","45100.00","27200.00","0.00","0.00","0.00","17900.00","567858.70","536607.33","0.00","","","","","","",""
"91-190","McGuireWoods LLP","2001","10/15/2001","OCTN15_01","09/01/2001","09/30/2001","E","R","","09/20/2001","T","0","Treas","Horton","Stephen","","H","17250.00","0.00","0.00","0.00","17250.00","3000.00","0.00","0.00","0.00","14250.00","578958.70","551357.33","0.00","","","","","","",""
"91-190","McGuireWoods LLP","2001","09/17/2001","SEPN17_01","07/01/2001","08/31/2001","E","R","","09/21/2001","T","0","Treas","Horton","Stephen","","H","17900.00","11100.00","0.00","0.00","29000.00","11750.00","0.00","0.00","0.00","17250.00","578958.70","548357.33","0.00","","","","","","",""
"91-190","McGuireWoods LLP","2001","10/29/2001","OCTN29_01","10/01/2001","10/24/2001","E","R","","10/31/2001","T","0","Treas","Horton","Stephen","","H","14250.00","0.00","0.00","0.00","14250.00","9250.00","0.00","0.00","0.00","5000.00","578958.70","560607.33","0.00","","","","","","",""
"91-190","McGuireWoods LLP","2001","01/15/2002","JANN15_02","11/30/2001","12/31/2001","E","R","","01/16/2002","T","0","Treas","Horton","Stephen","","H","7272.37","0.00","0.00","0.00","7272.37","5000.00","0.00","0.00","0.00","2272.37","592657.30","577033.56","0.00","","","","","","",""
"91-190","McGuireWoods LLP","2001","12/06/2001","DECN06_01","10/25/2001","11/29/2001","E","R","","01/16/2002","T","0","Treas","Horton","Stephen","","H","5000.00","13698.60","0.00","0.00","18698.60","11426.23","0.00","0.00","0.00","7272.37","592657.30","572033.56","0.00","","","","","","",""
"91-190","McGuireWoods LLP","2001","01/15/2002","JAN15_02","07/01/2001","12/31/2001","E","R","","01/28/2002","T","0","Treas","Horton","Stephen","","H","7272.37","0.00","0.00","0.00","7272.37","5000.00","0.00","0.00","0.00","2272.37","592657.30","577033.56","0.00","","","","","","",""
"91-191","Eye PAC - VA Ophthalmology","2001","01/16/2001","JAN16_01","07/01/2000","12/31/2000","E","R","","01/18/2001","T","0","Treasurer","Whitehead","D","C","H","11685.23","7200.00","23.66","0.00","18908.89","3546.45","0.00","0.00","0.00","15362.44","283591.00","274210.00","0.00","","","","","","",""
"91-191","Eye PAC - VA Ophthalmology","2001","06/04/2001","JUNN04_01","04/01/2001","05/30/2001","E","A","","07/16/2001","T","0","Treasurer","Whitehead","D","C","H","25412.44","1100.00","0.00","0.00","26512.44","0.00","0.00","0.00","0.00","26512.44","297814.66","277260.00","0.00","","","","","","",""
"91-191","Eye PAC - VA Ophthalmology","2001","07/16/2001","JULN16_01","05/31/2001","06/30/2001","E","R","","07/19/2001","T","0","Treasurer","Whitehead","D","C","H","26512.44","0.00","0.00","0.00","26512.44","250.00","0.00","0.00","0.00","26262.44","297814.66","277510.00","0.00","","","","","","",""
"91-191","Eye PAC - VA Ophthalmology","2001","09/17/2001","SEPN17_01","07/01/2001","08/31/2001","E","R","","09/21/2001","T","0","Treasurer","Whitehead","D","C","H","26262.44","1200.00","0.00","0.00","27462.44","1500.00","0.00","0.00","0.00","25962.44","299014.66","279010.00","0.00","","","","","","",""
"91-191","Eye PAC - VA Ophthalmology","2001","10/15/2001","OCTN15_01","09/01/2001","09/30/2001","E","R","","10/26/2001","L","0","Treasurer","Whitehead","D","C","H","25962.44","500.00","0.00","0.00","26462.44","11625.00","0.00","0.00","0.00","14837.44","299514.66","290635.00","0.00","","","","","","",""
"91-191","Eye PAC - VA Ophthalmology","2001","10/29/2001","OCTN29_01","10/01/2001","10/24/2001","E","R","","10/31/2001","T","0","Treasurer","Whitehead","D","C","H","14837.44","3900.00","0.00","0.00","18737.44","1100.00","0.00","0.00","0.00","17637.44","303414.66","291735.00","0.00","","","","","","",""
"91-191","Eye PAC - VA Ophthalmology","2001","01/15/2002","JAN15_02","07/01/2001","12/31/2001","E","R","","01/16/2002","T","0","Treasurer","Whitehead","D","C","H","17637.44","0.00","0.00","0.00","17637.44","3500.00","0.00","0.00","0.00","14137.44","299514.66","294135.00","0.00","","","","","","",""
"91-198","Virginia Beer Wholesalers Association PAC","2001","01/15/2002","JAN15_02","07/01/2001","12/31/2001","E","R","","01/16/2002","T","0","Treasurer","Gravatt","Shelley","","H","38868.12","0.00","69.48","0.00","38937.60","20500.00","0.00","0.00","0.00","18437.60","154734.37","240080.35","0.00","","","","","","",""
"91-200","Virginia Dental PAC","2001","04/16/2001","APRN16_01","01/01/2001","03/31/2001","E","R","","04/30/2001","T","0","Treasurer","Dickinson","Terry","","H","242359.55","0.00","455.65","0.00","242815.20","9682.35","0.00","0.00","0.00","233132.85","1691792.25","1382207.18","0.00","","","","","","",""
"91-200","Virginia Dental PAC","2001","06/04/2001","JUNN04_01","04/01/2001","05/30/2001","E","R","","06/04/2001","T","0","Treasurer","Dickinson","Terry","","H","233132.85","176824.25","104.04","0.00","410061.14","38158.81","0.00","0.00","0.00","371902.33","176928.29","47841.16","0.00","","","","","","",""
"91-200","Virginia Dental PAC","2001","07/16/2001","JULN16_01","05/31/2001","06/30/2001","E","R","","07/19/2001","T","0","Treasurer","Dickinson","Terry","","H","371902.33","0.00","243.79","0.00","372146.12","2652.32","0.00","0.00","0.00","369493.80","177172.08","50493.48","0.00","","","","","","",""
"91-200","Virginia Dental PAC","2001","09/17/2001","SEPN17_01","07/01/2001","08/31/2001","E","R","","09/21/2001","T","0","Treasurer","Dickinson","Terry","","H","369493.80","12565.00","141.20","0.00","382200.00","87705.38","0.00","0.00","0.00","294494.62","189878.28","138198.86","0.00","","","","","","",""
"91-200","Virginia Dental PAC","2001","10/29/2001","OCTN29_01","10/01/2001","10/24/2001","E","R","","10/31/2001","T","0","Treasurer","Dickinson","Terry","","H","229313.64","0.00","0.00","0.00","229313.64","17.76","0.00","0.00","0.00","229295.88","190218.22","203737.54","0.00","","","","","","",""
"91-200","Virginia Dental PAC","2001","01/15/2002","JAN15_02","07/01/2001","12/31/2001","E","R","","01/16/2002","T","0","Treasurer","Dickinson","Terry","","H","231418.33","60.00","132.85","0.00","231611.18","32700.64","0.00","0.00","0.00","198910.54","192913.00","236817.66","0.00","","","","","","",""
"91-201","Virginia Health Care Association PAC","2001","06/04/2001","JUNN04_01","04/01/2001","05/30/2001","E","R","","06/04/2001","T","0","Treasurer","Bailey","Mary","L","H","22329.74","19895.00","0.00","0.00","42224.74","18365.00","0.00","0.00","0.00","23859.74","890761.43","804041.69","0.00","","","","","","",""
"91-201","Virginia Health Care Association PAC","2001","07/16/2001","JULN16_01","05/31/2001","06/30/2001","E","R","","07/19/2001","T","0","Treasurer","Bailey","Mary","L","H","23859.74","6570.00","306.41","0.00","30736.15","4843.96","0.00","0.00","0.00","25892.19","877742.84","790520.65","0.00","","","","","","",""
"91-201","Virginia Health Care Association PAC","2001","09/17/2001","SEPN17_01","07/01/2001","08/31/2001","E","R","","09/21/2001","T","0","Treasurer","Bailey","Mary","L","H","25892.19","41479.90","0.00","0.00","67372.09","23267.03","0.00","0.00","0.00","44105.06","919222.74","813787.68","0.00","","","","","","",""
"91-201","Virginia Health Care Association PAC","2001","10/29/2001","OCTN29_01","10/01/2001","10/24/2001","E","R","","10/31/2001","T","0","Treasurer","Bailey","Mary","L","H","36705.06","2275.00","0.00","0.00","38980.06","9250.00","0.00","0.00","0.00","29730.06","924597.74","833537.68","0.00","","","","","","",""
"91-201","Virginia Health Care Association PAC","2001","04/16/2001","APRN16_01","01/01/2001","03/31/2001","E","R","","08/21/2003","T","0","Treasurer","Bailey","Mary","L","H","20228.64","3200.00","0.00","0.00","23428.64","1098.90","0.00","0.00","0.00","22329.74","870866.43","785676.69","0.00","","","","","","",""
"91-209","Virginia AFL-CIO","2001","07/16/2001","JULN16_01","05/31/2001","06/30/2001","E","A","","07/19/2001","T","0","Treasurer","Davenport","Carlton","","H","114209.09","18667.65","0.00","132926.84","30500.00","0.00","0.00","0.00","102426.84","1468553.44","1325192.19","0.00","7911257380.00","","","","","","",""
"91-209","Virginia AFL-CIO","2001","10/15/2001","OCTN15_01","09/01/2001","09/30/2001","E","R","","09/20/2001","T","0","Treasurer","Davenport","Carlton","","H","106645.92","23579.00","5.69","0.00","130230.61","31180.00","0.00","0.00","0.00","99050.61","1566782.21","1426797.19","0.00","","","","","","",""
"91-209","Virginia AFL-CIO","2001","09/17/2001","SEPN17_01","07/01/2001","08/31/2001","E","R","","09/21/2001","T","0","Treasurer","Davenport","Carlton","","H","102405.99","74623.58","41.35","0.00","177070.92","70425.00","0.00","0.00","0.00","106645.92","1543197.52","1395617.19","0.00","","","","","","",""
"91-209","Virginia AFL-CIO","2001","10/29/2001","OCTN29_01","10/01/2001","10/24/2001","E","R","","10/31/2001","T","0","Treasurer","Davenport","Carlton","","H","99050.61","19908.70","0.00","0.00","118959.31","88950.00","0.00","0.00","0.00","30009.31","1586690.91","1515747.19","0.00","","","","","","",""
"91-209","Virginia AFL-CIO","2001","01/15/2002","JANN15_02","11/30/2001","12/31/2001","E","R","","08/22/2003","T","0","Treasurer","Davenport","Carlton","","H","22184.96","9333.80","-97.28","0.00","31421.48","12300.00","0.00","0.00","0.00","19121.48","1612103.08","1552047.19","0.00","","","","","","",""
"91-244","Insurance & Financial Advisors Political Action Committee - Virginia","2001","10/15/2001","OCTN15_01","09/01/2001","09/30/2001","E","R","","09/20/2001","T","0","Treasurer","Hodges","Thomas","","H","32757.08","1884.90","0.00","0.00","34641.98","0.00","0.00","0.00","0.00","34641.98","338385.40","312065.88","0.00","","","","","","",""
"91-244","Insurance & Financial Advisors Political Action Committee - Virginia","2001","09/17/2001","SEPN17_01","07/01/2001","08/31/2001","E","R","","09/21/2001","T","0","Treasurer","Hodges","Thomas","","H","44896.06","3967.65","108.35","0.00","48972.06","16214.98","0.00","0.00","0.00","32757.08","336500.50","312065.88","0.00","","","","","","",""
"91-244","Insurance & Financial Advisors Political Action Committee - Virginia","2001","10/29/2001","OCTN29_01","10/01/2001","10/24/2001","E","R","","10/31/2001","T","0","Treasurer","Hodges","Thomas","","H","34641.98","1349.50","700.00","0.00","36691.48","7750.00","0.00","0.00","0.00","28941.48","340434.90","319815.88","0.00","","","","","","",""
"91-244","Insurance & Financial Advisors Political Action Committee - Virginia","2001","01/15/2002","JAN15_02","07/01/2001","12/31/2001","E","R","","01/16/2002","T","0","Treasurer","Hodges","Thomas","","H","30845.73","3902.05","0.00","0.00","34747.78","200.00","0.00","0.00","0.00","34547.78","347241.20","321015.88","0.00","","","","","","",""
"91-260","Washington Gas Light Company Virginia PAC","2001","01/15/2002","JAN15_02","07/01/2001","12/31/2001","E","R","","08/20/2003","L","0","Treasurer","Bazilio","Ralph","B","H","10917.64","60.00","0.00","0.00","10977.64","0.00","0.00","0.00","0.00","10977.64","32615.46","34052.35","0.00","","","","","","",""
"91-261","Wood Products PAC of Virginia","2001","06/04/2001","JUNN04_01","04/01/2001","05/30/2001","E","A","","07/16/2001","T","0","Secrt/Treas","Bush","J. R. ""Randy""","","H","3621.07","2050.00","4.46","0.00","5675.53","116.00","0.00","0.00","0.00","5559.53","2054.46","116.00","0.00","","","","","","",""
"91-261","Wood Products PAC of Virginia","2001","07/16/2001","JULN16_01","05/31/2001","06/30/2001","E","R","","07/19/2001","T","0","Secrt/Treas","Bush","J. R. ""Randy""","","H","5559.53","1950.00","16.57","0.00","7526.10","0.00","0.00","0.00","0.00","7526.10","1966.57","0.00","0.00","","","","","","",""
"91-261","Wood Products PAC of Virginia","2001","10/15/2001","OCTN15_01","09/01/2001","09/30/2001","E","R","","09/20/2001","T","0","Secrt/Treas","Bush","J. R. ""Randy""","","H","7792.04","0.00","0.00","0.00","7792.04","0.00","0.00","0.00","0.00","7792.04","4291.43","466.00","0.00","","","","","","",""
"91-261","Wood Products PAC of Virginia","2001","09/17/2001","SEPN17_01","07/01/2001","08/31/2001","E","R","","09/21/2001","T","0","Secrt/Treas","Bush","J. R. ""Randy""","","H","7526.10","250.00","15.94","0.00","7792.04","0.00","0.00","0.00","0.00","7792.04","4291.43","466.00","0.00","","","","","","",""
"91-261","Wood Products PAC of Virginia","2001","01/15/2002","JAN15_02","07/01/2001","12/31/2001","E","R","","01/16/2002","T","0","Secrt/Treas","Bush","J. R. ""Randy""","","H","953.86","700.00","0.79","0.00","1654.65","0.00","0.00","0.00","0.00","1654.65","5004.04","7316.00","0.00","","","","","","",""
"91-268","Anthem Health Plans of Virginia PAC","2001","06/04/2001","JUNN04_01","04/01/2001","05/30/2001","E","R","","06/04/2001","T","0","Treasurer","Pratt","Mark","C","H","31785.37","30000.00","10.17","0.00","61795.54","43000.00","0.00","0.00","0.00","18795.54","30055.03","44027.45","0.00","","","","","","",""
"91-268","Anthem Health Plans of Virginia PAC","2001","07/16/2001","JULN16_01","05/31/2001","06/30/2001","E","R","","07/19/2001","T","0","Treasurer","Pratt","Mark","C","H","18795.54","30000.00","24.15","0.00","48819.69","13500.45","0.00","0.00","0.00","35319.24","60079.18","57527.90","0.00","","","","","","",""
"91-268","Anthem Health Plans of Virginia PAC","2001","09/17/2001","SEPN17_01","07/01/2001","08/31/2001","E","R","","09/21/2001","T","0","Treasurer","Pratt","Mark","C","H","35319.24","30000.00","18.86","0.00","65338.10","36753.60","0.00","0.00","0.00","28584.50","90098.04","94281.50","0.00","","","","","","",""
"91-268","Anthem Health Plans of Virginia PAC","2001","10/15/2001","OCTN15_01","09/01/2001","09/30/2001","E","R","","10/26/2001","T","0","Treasurer","Pratt","Mark","C","H","28584.50","0.00","9.05","0.00","28593.55","18001.65","0.00","0.00","0.00","10591.90","90107.09","112283.15","0.00","","","","","","",""
"91-268","Anthem Health Plans of Virginia PAC","2001","10/29/2001","OCTN29_01","10/01/2001","10/24/2001","E","R","","01/28/2002","T","0","Treasurer","Pratt","Mark","C","H","10591.90","30000.00","9.22","0.00","40601.12","19251.05","0.00","0.00","0.00","21350.07","120116.31","131534.20","0.00","","","","","","",""
"91-268","Anthem Health Plans of Virginia PAC","2001","01/15/2002","JAN15_02","07/01/2001","12/31/2001","E","R","","08/21/2003","T","0","Treasurer","Pratt","Mark","C","H","38610.53","20000.00","6.05","0.00","58616.58","6513.85","0.00","0.00","0.00","52102.73","170133.87","150799.10","0.00","","","","","","",""
"91-303","Virginia Physical Therapy Association  PAC","2001","01/16/2001","JAN16_01","07/01/2000","12/31/2000","E","R","","01/18/2001","T","0","Treasurer","Sawyer","Sydney","W","H","17337.58","275.00","0.00","0.00","17612.58","9167.00","0.00","0.00","0.00","8445.58","190053.19","164243.53","0.00","","","","","","",""
"91-303","Virginia Physical Therapy Association  PAC","2001","06/04/2001","JUNN04_01","04/01/2001","05/30/2001","E","R","","07/16/2001","L","0","Treasurer","Sawyer","Sydney","W","H","7795.58","0.00","750.00","0.00","8545.58","1000.00","0.00","0.00","0.00","7545.58","190803.19","165893.53","0.00","","","","","","",""
"91-303","Virginia Physical Therapy Association  PAC","2001","07/16/2001","JULN16_01","05/31/2001","06/30/2001","E","R","","07/19/2001","T","0","Treasurer","Sawyer","Sydney","W","H","7545.58","0.00","0.00","0.00","7545.58","262.14","0.00","0.00","0.00","7283.44","190803.19","166155.67","0.00","","","","","","",""
"91-303","Virginia Physical Therapy Association  PAC","2001","09/17/2001","SEPN17_01","07/01/2001","08/31/2001","E","R","","09/21/2001","T","0","Treasurer","Sawyer","Sydney","W","H","7283.44","3288.00","0.00","0.00","10571.44","3245.55","0.00","0.00","0.00","7325.89","194091.19","169401.22","0.00","","","","","","",""
"91-303","Virginia Physical Therapy Association  PAC","2001","10/15/2001","OCTN15_01","09/01/2001","09/30/2001","E","R","","10/18/2001","T","0","Treasurer","Sawyer","Sydney","W","H","7283.44","2150.00","0.00","0.00","9433.44","750.00","0.00","0.00","0.00","8683.44","192953.19","166905.67","0.00","","","","","","",""
"91-303","Virginia Physical Therapy Association  PAC","2001","10/29/2001","OCTN29_01","10/01/2001","10/24/2001","E","R","","10/31/2001","T","0","Treasurer","Sawyer","Sydney","W","H","7325.89","0.00","0.00","0.00","7325.89","0.00","0.00","0.00","0.00","7325.89","194091.19","169401.22","0.00","","","","","","",""
"91-303","Virginia Physical Therapy Association  PAC","2001","01/15/2002","JAN15_02","07/01/2001","12/31/2001","E","R","","01/16/2002","T","0","Treasurer","Sawyer","Sydney","W","H","8813.54","450.00","1250.00","0.00","10513.54","6708.06","0.00","0.00","0.00","3805.48","198771.19","177601.63","0.00","","","","","","",""
"91-337","Richmond Education Association PAC","2001","04/16/2001","APRN16_01","01/01/2001","03/31/2001","E","R","","04/30/2001","T","0","Treasurer","Edmonds","Joseph","B","H","5873.77","984.83","0.00","0.00","6858.60","990.58","0.00","0.00","0.00","5868.02","65347.93","66753.41","2955.24","","","","","","",""
"91-337","Richmond Education Association PAC","2001","06/04/2001","JUNN04_01","04/01/2001","05/30/2001","E","R","","06/04/2001","T","0","Treasurer","Edmonds","Joseph","B","H","5868.02","557.25","0.00","0.00","6425.27","2367.49","0.00","0.00","0.00","4057.78","65905.18","69120.90","2955.24","","","","","","",""
"91-337","Richmond Education Association PAC","2001","07/16/2001","JULN16_01","05/31/2001","06/30/2001","E","R","","07/19/2001","T","0","Treasurer","Edmonds","Joseph","B","H","4057.78","1707.54","0.00","0.00","5765.32","452.46","0.00","0.00","0.00","5312.86","67612.72","69573.36","2955.24","","","","","","",""
"91-337","Richmond Education Association PAC","2001","09/17/2001","SEPN17_01","07/01/2001","08/31/2001","E","R","","09/21/2001","T","0","Treasurer","Edmonds","Joseph","B","H","5312.86","1878.00","0.00","0.00","7190.86","744.73","0.00","0.00","0.00","6446.13","69490.72","70318.09","2955.24","","","","","","",""
"91-337","Richmond Education Association PAC","2001","10/15/2001","OCTN15_01","09/01/2001","09/30/2001","E","R","","10/26/2001","T","0","Treasurer","Edmonds","Joseph","B","H","6446.13","0.00","0.00","0.00","6446.13","0.00","0.00","0.00","0.00","6446.13","69490.72","70318.09","2955.24","","","","","","",""
"91-337","Richmond Education Association PAC","2001","01/15/2002","JAN15_02","07/01/2001","12/31/2001","E","R","","01/16/2002","T","0","Treasurer","Edmonds","Joseph","B","H","6990.33","1112.83","0.00","0.00","8103.16","0.00","0.00","0.00","0.00","8103.16","71147.75","70318.09","2955.24","","","","","","",""
"91-401","Commonwealth Sportsmen Alliance","2001","10/29/2001","OCTN29_01","10/01/2001","10/24/2001","E","R","","10/30/2001","T","0","Chairman","Burch","H","","H","3265.47","8180.00","0.00","0.00","11445.47","11202.25","0.00","0.00","0.00","243.22","20403.50","20170.28","0.00","","","","","","",""
"91-401","Commonwealth Sportsmen Alliance","2001","01/15/2002","JAN15_02","07/01/2001","12/31/2001","E","R","","01/16/2002","T","0","Chairman","Burch","H","","H","211.22","0.00","0.00","0.00","211.22","0.00","0.00","0.00","0.00","211.22","20403.50","20170.28","0.00","","","","","","",""
"91-517","Make Women Count PAC","2001","07/16/2001","JULN16_01","05/31/2001","06/30/2001","E","R","","07/19/2001","T","0","Treas","Gastanoga","Claire Guthrie","","H","14565.86","0.00","0.00","0.00","14565.86","1751.12","0.00","0.00","0.00","12814.74","8417.20","6137.36","0.00","","","","","","",""
"91-517","Make Women Count PAC","2001","01/16/2001","JAN16_01","07/01/2000","12/31/2000","E","R","","07/19/2001","L","0","Treas","Gastanoga","Claire Guthrie","","H","14364.57","1265.00","0.00","0.00","15629.57","1030.98","0.00","0.00","0.00","14598.59","8417.20","4255.60","0.00","","","","","","",""
"91-517","Make Women Count PAC","2001","09/17/2001","SEPN17_01","07/01/2001","08/31/2001","E","R","","09/21/2001","T","0","Treas","Gastanoga","Claire Guthrie","","H","12814.74","0.00","0.00","0.00","12814.74","936.99","0.00","0.00","0.00","11877.75","8417.20","7074.35","0.00","","","","","","",""
"91-517","Make Women Count PAC","2001","10/15/2001","OCTN15_01","09/01/2001","09/30/2001","E","R","","10/18/2001","T","0","Treas","Gastanoga","Claire Guthrie","","H","11877.75","3341.00","0.00","0.00","15218.75","791.63","0.00","0.00","0.00","14427.12","11758.20","7865.98","0.00","","","","","","",""
"91-517","Make Women Count PAC","2001","10/29/2001","OCTN29_01","10/01/2001","10/24/2001","E","R","","10/30/2001","T","0","Treas","Gastanoga","Claire Guthrie","","H","14427.12","6255.00","0.00","0.00","20682.12","4840.17","0.00","0.00","0.00","15841.95","18013.20","12706.15","0.00","","","","","","",""
"93-046","Virginia Sierra Club PAC","2001","07/16/2001","JULN16_01","05/31/2001","06/30/2001","E","R","","07/19/2001","T","0","Treasurer","Calvert","George","","H","7884.92","3495.00","0.00","0.00","11379.92","4039.84","0.00","0.00","0.00","7340.08","6295.00","7162.92","0.00","","","","","","",""
"93-048","Richmond City Democratic Committee","2001","01/15/2002","JANN15_02","11/30/2001","12/31/2001","E","R","","08/21/2003","L","0","Treasurer","Payne","Eric","","H","2887.46","600.00","0.00","0.00","3487.46","259.00","0.00","0.00","0.00","3228.46","32643.00","31352.73","0.00","","","","","","",""
"93-048","Richmond City Democratic Committee","2001","06/04/2001","JUNN04_01","04/01/2001","05/30/2001","E","A","","06/03/2004","T","0","Treasurer","Payne","Eric","","H","10023.27","1485.00","0.00","0.00","11508.27","2866.90","0.00","0.00","0.00","8641.37","68613.44","58971.34","0.00","","","","","","",""
"93-048","Richmond City Democratic Committee","2001","10/15/2001","OCTN15_01","09/01/2001","09/30/2001","E","A","","06/03/2004","T","0","Treasurer","Payne","Eric","","H","6307.89","0.00","0.00","0.00","6307.89","628.66","0.00","0.00","0.00","5679.23","68903.44","62223.48","0.00","","","","","","",""
"93-048","Richmond City Democratic Committee","2001","07/16/2001","JULN16_01","05/31/2001","06/30/2001","E","A","","06/03/2004","T","0","Treasurer","Payne","Eric","","H","8641.37","0.00","0.00","0.00","8641.37","1234.11","0.00","0.00","0.00","7407.26","68613.44","60205.45","0.00","","","","","","",""
"93-048","Richmond City Democratic Committee","2001","09/17/2001","SEPN17_01","07/01/2001","08/31/2001","E","A","","06/03/2004","T","0","Treasurer","Payne","Eric","","H","7407.26","290.00","0.00","0.00","7697.26","1389.37","0.00","0.00","0.00","6307.89","68903.44","61594.82","0.00","","","","","","",""
"93-048","Richmond City Democratic Committee","2001","12/06/2001","DECN06_01","10/25/2001","11/29/2001","E","A","","06/03/2004","T","0","Treasurer","Payne","Eric","","H","5673.92","0.00","0.00","0.00","5673.92","1258.14","0.00","0.00","0.00","4415.78","68903.44","63486.93","0.00","","","","","","",""
"93-048","Richmond City Democratic Committee","2001","04/16/2001","APRN16_01","01/01/2001","03/31/2001","E","R","","06/03/2004","L","0","Treasurer","Payne","Eric","","H","12303.72","0.00","0.00","0.00","12303.72","2280.45","0.00","0.00","0.00","10023.27","67128.44","56104.44","0.00","","","","","","",""
"93-048","Richmond City Democratic Committee","2001","01/16/2001","JANN16_01","12/01/2000","12/31/2000","E","R","","06/03/2004","L","0","Treasurer","Payne","Eric","","H","4415.78","600.00","0.00","0.00","5015.78","259.00","0.00","0.00","0.00","4756.78","69503.44","63745.93","0.00","","","","","","",""
"93-048","Richmond City Democratic Committee","2001","10/29/2001","OCTN29_01","10/01/2001","10/24/2001","E","R","","06/03/2004","L","0","Treasurer","Payne","Eric","","H","5679.23","0.00","0.00","0.00","5679.23","5.31","0.00","0.00","0.00","5673.92","68903.44","62228.79","0.00","","","","","","",""
"93-052","Republican Party of Virginia, Inc.","2001","04/16/2001","APRN16_01","01/01/2001","03/31/2001","E","R","","04/30/2001","T","0","Treasurer","Plum","Brian","K","H","443318.62","91859.51","1272.84","0.00","536450.97","378903.68","0.00","0.00","0.00","157547.29","93132.35","378903.68","0.00","","","","","","",""
"93-052","Republican Party of Virginia, Inc.","2001","06/04/2001","JUNN04_01","04/01/2001","05/30/2001","E","R","","06/04/2001","T","0","Treasurer","Plum","Brian","K","H","157547.29","911538.25","241.76","0.00","1069327.30","973200.21","0.00","0.00","0.00","96127.09","1003639.52","1352103.89","0.00","","","","","","",""
"93-052","Republican Party of Virginia, Inc.","2001","07/16/2001","JULN16_01","05/31/2001","06/30/2001","E","R","","07/19/2001","T","0","Treasurer","Plum","Brian","K","H","96127.09","1957447.81","201.79","0.00","2053776.69","1623735.81","0.00","0.00","0.00","430040.88","2961289.12","2975839.70","0.00","","","","","","",""
"93-052","Republican Party of Virginia, Inc.","2001","09/17/2001","SEPN17_01","07/01/2001","08/31/2001","E","R","","09/18/2001","T","0","Treasurer","Plum","Brian","K","H","430040.88","1106646.66","590.58","0.00","1537278.12","1132964.11","0.00","0.00","0.00","404314.01","4068526.36","4108803.81","0.00","","","","","","",""
"93-052","Republican Party of Virginia, Inc.","2001","10/15/2001","OCTN15_01","09/01/2001","09/30/2001","E","R","","09/20/2001","T","0","Treasurer","Plum","Brian","K","H","404314.01","191873.00","278.38","0.00","596465.39","316945.16","0.00","0.00","0.00","279520.23","4260677.74","4425748.97","0.00","","","","","","",""
"93-052","Republican Party of Virginia, Inc.","2001","10/29/2001","OCTN29_01","10/01/2001","10/24/2001","E","R","","10/30/2001","T","0","Treasurer","Plum","Brian","K","H","279520.23","661658.00","0.00","0.00","941178.23","594317.80","0.00","0.00","0.00","346860.43","4922335.74","5020066.77","0.00","","","","","","",""
"93-052","Republican Party of Virginia, Inc.","2001","01/15/2002","JANN15_02","11/30/2001","12/31/2001","E","R","","01/16/2002","T","0","Treasurer","Plum","Brian","K","H","175520.53","21834.75","34677.86","0.00","232033.14","214845.96","0.00","0.00","0.00","17187.18","5772797.25","6200201.53","0.00","","","","","","",""
"93-052","Republican Party of Virginia, Inc.","2001","12/06/2001","DECN06_01","10/25/2001","11/29/2001","E","R","","07/25/2003","T","0","Treasurer","Plum","Brian","K","H","346860.43","787027.49","6811.41","0.00","1140699.33","965288.80","0.00","0.00","0.00","175410.53","5716174.64","1467355.57","0.00","","","","","","",""
"93-052","Republican Party of Virginia, Inc.","2001","01/15/2002","JAN15_02","07/01/2001","12/31/2001","E","R","","07/25/2003","L","0","Treasurer","Plum","Brian","K","H","175520.53","21834.75","34677.86","0.00","232033.14","214845.96","0.00","0.00","0.00","17187.18","5772797.25","6200201.53","0.00","","","","","","",""
"93-052","Republican Party of Virginia, Inc.","2001","01/16/2001","JANN16_01","12/01/2000","12/31/2000","E","R","","08/21/2003","L","0","Treasurer","Plum","Brian","K","H","300632.27","161164.83","65.40","0.00","461862.50","192193.83","0.00","0.00","0.00","269668.67","15547149.06","15303248.79","0.00","","","","","","",""
"93-053","Democratic Party of Virginia","2001","09/17/2001","SEPN17_01","07/01/2001","08/31/2001","E","R","","09/17/2001","T","0","Treasurer","Klear","Barbara","","H","71939.93","178087.83","1015.31","0.00","251043.07","193660.56","0.00","0.00","0.00","57382.51","17384814.08","17419587.33","0.00","","","","","","",""
"93-053","Democratic Party of Virginia","2001","10/29/2001","OCTN29_01","10/01/2001","10/24/2001","E","R","","10/31/2001","T","0","Treasurer","Klear","Barbara","","H","120373.47","242727.67","0.00","0.00","363101.14","245229.48","0.00","0.00","0.00","117871.66","18073093.95","18047378.05","0.00","","","","","","",""
"93-053","Democratic Party of Virginia","2001","01/15/2002","JANN15_02","11/30/2001","12/31/2001","E","R","","01/16/2002","T","0","Treasurer","Klear","Barbara","","H","54378.85","83019.00","0.00","0.00","137397.85","120443.13","0.00","0.00","0.00","16954.72","19047232.76","19122433.80","0.00","","","","","","",""
"93-053","Democratic Party of Virginia","2001","10/15/2001","OCTN15_01","09/01/2001","09/30/2001","E","R","","11/07/2002","T","0","Treasurer","Klear","Barbara","","H","57382.51","445412.70","139.50","0.00","502934.71","382561.24","0.00","0.00","0.00","120373.47","17830366.28","17802148.57","0.00","","","","","","",""
"93-053","Democratic Party of Virginia","2001","01/16/2001","JANN16_01","12/01/2000","12/31/2000","E","R","","08/21/2003","L","0","Treasurer","Klear","Barbara","","H","300632.27","161164.83","65.40","0.00","461862.50","192193.83","0.00","0.00","0.00","269668.67","15547149.06","15303248.79","0.00","","","","","","",""
"93-061","Fairfax County Democratic Committee","2001","04/16/2001","APRN16_01","01/01/2001","03/31/2001","E","R","","04/30/2001","T","0","Treasurer","Golding","Nadia","","H","8612.92","18255.00","320.64","0.00","27188.56","8679.64","0.00","0.00","0.00","18508.92","95419.24","106321.69","0.00","","","","","","",""
"93-061","Fairfax County Democratic Committee","2001","07/16/2001","JULN16_01","05/31/2001","06/30/2001","E","R","","07/19/2001","T","0","Treasurer","Golding","Nadia","","H","16003.94","1225.00","48.83","0.00","17277.77","4150.54","0.00","0.00","0.00","13127.23","98507.05","117296.17","0.00","","","","","","",""
"93-061","Fairfax County Democratic Committee","2001","10/15/2001","OCTN15_01","09/01/2001","09/30/2001","E","R","","09/20/2001","T","0","Treasurer","Golding","Nadia","","H","13256.91","3425.00","612.35","0.00","17294.26","0.00","0.00","0.00","0.00","17294.26","105473.10","120095.19","0.00","","","","","","",""
"93-061","Fairfax County Democratic Committee","2001","09/17/2001","SEPN17_01","07/01/2001","08/31/2001","E","R","","09/21/2001","T","0","Treasurer","Golding","Nadia","","H","13127.23","2892.85","35.85","0.00","16055.93","2799.02","0.00","0.00","0.00","13256.91","101435.75","120095.19","0.00","","","","","","",""
"93-061","Fairfax County Democratic Committee","2001","10/29/2001","OCTN29_01","10/01/2001","10/24/2001","E","R","","10/30/2001","L","0","Treasurer","Golding","Nadia","","H","17294.26","1700.00","0.00","0.00","18994.26","6674.62","0.00","0.00","0.00","12319.64","107173.10","126769.81","0.00","","","","","","",""
"93-061","Fairfax County Democratic Committee","2001","01/15/2002","JAN15_02","07/01/2001","12/31/2001","E","R","","01/16/2002","T","0","Treasurer","Golding","Nadia","","H","10574.46","1950.00","622.41","0.00","13146.87","3077.61","0.00","0.00","0.00","10069.26","132252.33","154099.42","0.00","","","","","","",""
"93-062","6th Congressional  District Democratic Committee of Virginia","2001","01/16/2001","JAN16_01","07/01/2000","12/31/2000","E","R","","02/07/2001","T","0","Treasuer","Blackwell","Dorothy","","H","1046.88","10068.00","0.00","0.00","11114.88","9408.02","0.00","0.00","0.00","1706.86","19037.09","18709.27","0.00","","","","","","",""
"93-062","6th Congressional  District Democratic Committee of Virginia","2001","04/16/2001","APRN16_01","01/01/2001","03/31/2001","E","R","","04/12/2001","T","0","Treasuer","Blackwell","Dorothy","","H","1706.86","0.00","0.00","0.00","1706.86","758.72","0.00","0.00","0.00","948.14","20083.97","19467.99","0.00","","","","","","",""
"93-062","6th Congressional  District Democratic Committee of Virginia","2001","07/16/2001","JULN16_01","05/31/2001","06/30/2001","E","R","","07/19/2001","T","0","Treasuer","Blackwell","Dorothy","","H","951.65","490.00","0.00","0.00","1441.65","934.27","0.00","0.00","0.00","507.38","20756.58","20581.36","0.00","","","","","","",""
"93-062","6th Congressional  District Democratic Committee of Virginia","2001","06/04/2001","JUNN04_01","04/01/2001","05/30/2001","E","R","","07/27/2001","T","0","Treasuer","Blackwell","Dorothy","","H","948.14","125.00","57.61","0.00","1130.75","179.10","0.00","0.00","0.00","951.65","20266.58","19647.09","0.00","","","","","","",""
"93-062","6th Congressional  District Democratic Committee of Virginia","2001","09/17/2001","SEPN17_01","07/01/2001","08/31/2001","E","R","","09/21/2001","T","0","Treasuer","Blackwell","Dorothy","","H","951.65","0.00","0.00","0.00","951.65","115.22","0.00","0.00","0.00","836.43","20266.58","19762.31","0.00","","","","","","",""
"93-062","6th Congressional  District Democratic Committee of Virginia","2001","10/29/2001","OCTN29_01","10/01/2001","10/24/2001","E","R","","10/30/2001","T","0","Treasuer","Blackwell","Dorothy","","H","936.44","6015.00","0.00","0.00","6951.44","2736.07","0.00","0.00","0.00","4215.37","26616.58","22733.37","0.00","","","","","","",""
"93-062","6th Congressional  District Democratic Committee of Virginia","2001","01/15/2002","JAN15_02","07/01/2001","12/31/2001","E","R","","01/16/2002","T","0","Treasuer","Blackwell","Dorothy","","H","4300.37","0.00","0.00","0.00","4300.37","2961.55","0.00","0.00","0.00","1338.82","26701.58","25694.92","0.00","","","","","","",""
"93-062","6th Congressional  District Democratic Committee of Virginia","2001","01/15/2002","JAN15_02","07/01/2001","12/31/2001","E","R","","08/21/2003","T","0","Treasuer","Blackwell","Dorothy","","H","4300.37","0.00","0.00","0.00","4300.37","2961.55","0.00","0.00","0.00","1338.82","26701.58","25694.92","0.00","","","","","","",""
"93-071","Republican Party of Virginia Beach City Committee","2001","01/16/2001","JAN16_01","07/01/2000","12/31/2000","E","R","","01/18/2001","T","0","Treasurer","Shuler","Patrick","","H","19881.64","25695.75","0.00","0.00","45577.39","31318.53","0.00","0.00","0.00","14258.86","72381.98","54098.79","0.00","","","","","","",""
"93-071","Republican Party of Virginia Beach City Committee","2001","07/16/2001","JUL16_01","01/01/2001","06/30/2001","E","R","","07/19/2001","T","0","Treasurer","Shuler","Patrick","","H","14258.86","40761.65","351.62","0.00","55372.13","22137.69","0.00","0.00","0.00","33234.44","41113.27","22137.69","0.00","","","","","","",""
"93-071","Republican Party of Virginia Beach City Committee","2001","09/17/2001","SEPN17_01","07/01/2001","08/31/2001","E","R","","09/21/2001","T","0","Treasurer","Shuler","Patrick","","H","33234.44","876.00","0.00","0.00","34110.44","2437.48","0.00","0.00","0.00","31672.96","876.00","2437.48","0.00","","","","","","",""
"93-071","Republican Party of Virginia Beach City Committee","2001","10/15/2001","OCTN15_01","09/01/2001","09/30/2001","E","R","","10/26/2001","T","0","Treasurer","Shuler","Patrick","","H","31672.96","978.00","0.00","0.00","32650.96","6169.76","0.00","0.00","0.00","26481.20","42967.27","30744.93","0.00","","","","","","",""
"93-071","Republican Party of Virginia Beach City Committee","2001","10/29/2001","OCTN29_01","10/01/2001","10/24/2001","E","R","","10/30/2001","T","0","Treasurer","Shuler","Patrick","","H","26481.20","1883.00","0.00","0.00","28364.20","3804.31","0.00","0.00","0.00","24559.89","44850.27","34549.24","0.00","","","","","","",""
"93-071","Republican Party of Virginia Beach City Committee","2001","01/15/2002","JAN15_02","07/01/2001","12/31/2001","E","R","","01/16/2002","T","0","Treasurer","Shuler","Patrick","","H","18099.92","80.00","0.00","0.00","18179.92","1266.63","0.00","0.00","0.00","16913.29","45473.27","42818.84","0.00","","","","","","",""
"93-072","Alexandria Democratic Committee","2001","06/04/2001","JUNN04_01","04/01/2001","05/30/2001","E","R","","06/04/2001","T","0","TReasurer","Campbell","Elizabeth","R","H","10386.09","10217.40","0.00","0.00","20603.49","4421.20","0.00","0.00","0.00","16182.29","322262.62","306080.33","0.00","","","","","","",""
"93-072","Alexandria Democratic Committee","2001","07/16/2001","JULN16_01","05/31/2001","06/30/2001","E","R","","07/19/2001","T","0","TReasurer","Campbell","Elizabeth","R","H","16182.29","10155.00","0.00","0.00","26337.29","6294.81","0.00","0.00","0.00","20042.48","332417.62","312375.14","0.00","","","","","","",""
"93-072","Alexandria Democratic Committee","2001","09/17/2001","SEPN17_01","07/01/2001","08/31/2001","E","R","","09/21/2001","T","0","TReasurer","Campbell","Elizabeth","R","H","20042.48","4248.07","0.00","0.00","24290.55","8271.04","0.00","0.00","0.00","16019.51","336665.69","320646.18","0.00","","","","","","",""
"93-072","Alexandria Democratic Committee","2001","10/15/2001","OCTN15_01","09/01/2001","09/30/2001","E","R","","10/18/2001","T","0","TReasurer","Campbell","Elizabeth","R","H","16019.51","9469.00","0.00","0.00","25488.51","6286.36","0.00","0.00","0.00","19202.15","346134.69","326932.54","0.00","","","","","","",""
"93-072","Alexandria Democratic Committee","2001","10/29/2001","OCTN29_01","10/01/2001","10/24/2001","E","R","","10/30/2001","T","0","TReasurer","Campbell","Elizabeth","R","H","19202.15","3267.00","37.60","0.00","22506.75","3943.21","0.00","0.00","0.00","18563.54","349439.29","330875.75","0.00","","","","","","",""
"93-072","Alexandria Democratic Committee","2001","01/15/2002","JAN15_02","07/01/2001","12/31/2001","D","R","","01/11/2002","T","0","TReasurer","Campbell","Elizabeth","R","H","13018.58","10050.00","200.00","0.00","23268.58","524.32","0.00","0.00","0.00","22744.26","371358.42","348614.16","0.00","","","","","","",""
"93-088","Arlington County Democratic Committee","2001","10/15/2001","OCTN15_01","09/01/2001","09/30/2001","E","R","","09/20/2001","T","0","Treas","Malis","Inta","","H","48699.40","12726.00","34.99","0.00","61460.39","13264.81","0.00","0.00","0.00","48195.58","138000.69","91365.34","0.00","","","","","","",""
"93-088","Arlington County Democratic Committee","2001","10/29/2001","OCTN29_01","10/01/2001","10/24/2001","E","R","","10/31/2001","T","0","Treas","Malis","Inta","","H","48195.58","19488.98","0.00","0.00","67684.56","9115.66","0.00","0.00","0.00","58568.90","156985.85","100481.00","0.00","","","","","","",""
"93-088","Arlington County Democratic Committee","2001","01/15/2002","JAN15_02","07/01/2001","12/31/2001","E","R","","01/16/2002","T","0","Treas","Malis","Inta","","H","58568.90","25963.00","632.74","0.00","85164.64","39694.49","0.00","0.00","0.00","45470.15","193954.91","140175.49","20020678.00","","","","","","",""
"93-089","Joint Republican Caucus of the Virginia General Assembly, Inc.","2001","01/16/2001","JANN16_01","12/01/2000","12/31/2000","E","R","","01/17/2001","T","0","Treasurer","Fowler","Hyland","F","H","357180.37","154351.63","91.86","0.00","511623.86","89534.47","0.00","0.00","0.00","422089.39","1784189.72","1200208.42","0.00","","","","","","",""
"93-089","Joint Republican Caucus of the Virginia General Assembly, Inc.","2001","04/16/2001","APRN16_01","01/01/2001","03/31/2001","E","R","","04/13/2001","T","0","Treasurer","Fowler","Hyland","F","H","357821.05","204607.97","221.62","0.00","562650.64","99720.33","0.00","0.00","0.00","462930.31","2296568.29","1378834.04","0.00","","","","","","",""
"93-089","Joint Republican Caucus of the Virginia General Assembly, Inc.","2001","06/04/2001","JUNN04_01","04/01/2001","05/30/2001","E","R","","06/04/2001","T","0","Treasurer","Fowler","Hyland","F","H","462930.31","94972.45","88.18","0.00","557990.94","95952.85","0.00","0.00","0.00","462038.09","2391628.92","1474786.89","0.00","","","","","","",""
"93-089","Joint Republican Caucus of the Virginia General Assembly, Inc.","2001","07/16/2001","JULN16_01","05/31/2001","06/30/2001","E","R","","08/13/2001","T","0","Treasurer","Fowler","Hyland","F","H","462038.09","18099.79","243.45","0.00","480381.33","83900.55","0.00","0.00","0.00","396480.78","2409972.16","1558687.44","0.00","","","","","","",""
"93-089","Joint Republican Caucus of the Virginia General Assembly, Inc.","2001","09/17/2001","SEPN17_01","07/01/2001","08/31/2001","E","R","","09/20/2001","T","0","Treasurer","Fowler","Hyland","F","H","396480.78","39024.03","133.26","0.00","435638.07","31631.15","0.00","0.00","0.00","404006.92","2449129.45","1590318.59","0.00","","","","","","",""
"93-089","Joint Republican Caucus of the Virginia General Assembly, Inc.","2001","10/15/2001","OCTN15_01","09/01/2001","09/30/2001","E","R","","09/20/2001","T","0","Treasurer","Fowler","Hyland","F","H","404006.92","14964.58","47.41","0.00","419018.91","38982.34","0.00","0.00","0.00","380036.57","2464141.44","1629300.93","0.00","","","","","","",""
"93-089","Joint Republican Caucus of the Virginia General Assembly, Inc.","2001","10/29/2001","OCTN29_01","10/01/2001","10/24/2001","E","R","","10/31/2001","T","0","Treasurer","Fowler","Hyland","F","H","380036.57","16798.48","0.00","0.00","396835.05","141515.65","0.00","0.00","0.00","255319.40","2480939.92","1770816.58","0.00","","","","","","",""
"93-089","Joint Republican Caucus of the Virginia General Assembly, Inc.","2001","01/15/2002","JAN15_02","07/01/2001","12/31/2001","E","A","","08/22/2003","T","0","Treasurer","Fowler","Hyland","F","H","220262.22","35375.00","11.60","0.00","255648.82","46867.97","0.00","0.00","0.00","208780.85","2531969.33","1868384.54","0.00","","","","","","",""
"94-009","Tusk and Trunk Club","2001","01/16/2001","JAN16_01","07/01/2000","12/31/2000","E","R","","02/07/2001","T","0","Treasurer","France","Cathie","","H","5857.45","8750.00","84.70","0.00","14692.15","14149.50","0.00","0.00","0.00","542.65","65026.70","64484.05","0.00","","","","","","",""
"94-009","Tusk and Trunk Club","2001","04/16/2001","APRN16_01","01/01/2001","03/31/2001","E","R","","04/13/2001","T","0","Treasurer","France","Cathie","","H","542.65","9375.00","3.21","0.00","9920.86","3766.87","0.00","0.00","0.00","6153.99","9378.21","3766.87","0.00","","","","","","",""
"94-069","Loudoun County Republican Committee","2001","07/16/2001","JUL16_01","01/01/2001","06/30/2001","E","R","","07/19/2001","T","0","Treasurer","Chase","Clayton","","H","1461.49","105.00","0.00","0.00","1566.49","216.11","0.00","0.00","0.00","1350.38","7226.00","6868.19","0.00","","","","","","",""
"94-069","Loudoun County Republican Committee","2001","09/17/2001","SEPN17_01","07/01/2001","08/31/2001","E","R","","09/21/2001","T","0","Treasurer","Chase","Clayton","","H","1350.38","11972.00","0.00","0.00","13322.38","5266.42","0.00","0.00","0.00","8055.96","19198.00","12134.61","0.00","","","","","","",""
"94-069","Loudoun County Republican Committee","2001","10/15/2001","OCTN15_01","09/01/2001","09/30/2001","E","R","","10/26/2001","T","0","Treasurer","Chase","Clayton","","H","8055.96","827.00","0.00","0.00","8882.96","1533.69","0.00","0.00","0.00","7349.27","20025.00","13668.30","0.00","","","","","","",""
"94-069","Loudoun County Republican Committee","2001","01/15/2002","JAN15_02","07/01/2001","12/31/2001","E","R","","01/16/2002","T","0","Treasurer","Chase","Clayton","","H","5583.83","30.00","0.00","0.00","5613.83","48.23","0.00","0.00","0.00","5565.60","21235.00","16661.97","0.00","","","","","","",""
"94-086","Constitution Party of Virginia","2001","07/16/2001","JUL16_01","01/01/2001","06/30/2001","E","R","","07/19/2001","T","0","Treas","Potter","Alison","","H","1733.51","29065.00","0.00","3000.00","33798.51","20758.86","10000.00","0.00","0.00","3039.65","39370.75","69462.37","35333.87","","","","","","",""
"94-086","Constitution Party of Virginia","2001","01/15/2002","JAN15_02","07/01/2001","12/31/2001","E","R","","01/16/2002","T","0","Treas","Potter","Alison","","H","3039.65","17620.66","0.00","0.00","20660.31","17416.12","3000.00","0.00","0.00","244.19","56991.41","89878.49","50431.55","","","","","","",""
"95-008","Republican Party of Norfolk, Inc.","2001","10/15/2001","OCTN15_01","09/01/2001","09/30/2001","E","R","","09/20/2001","T","0","Secretary","Rock","Rachel","","H","7050.56","299.00","0.00","0.00","7349.56","1638.00","0.00","0.00","0.00","5711.56","25745.72","20159.16","0.00","","","","","","",""
"95-008","Republican Party of Norfolk, Inc.","2001","09/17/2001","SEPN17_01","07/01/2001","08/31/2001","E","R","","09/21/2001","T","0","Secretary","Rock","Rachel","","H","5786.52","2216.00","0.00","0.00","8002.52","951.96","0.00","0.00","0.00","7050.56","25446.72","18521.16","0.00","","","","","","",""
"95-008","Republican Party of Norfolk, Inc.","2001","10/29/2001","OCTN29_01","10/01/2001","10/24/2001","E","R","","10/30/2001","T","0","Secretary","Rock","Rachel","","H","5711.56","147.00","0.00","0.00","5858.56","2092.49","0.00","0.00","0.00","3766.07","25892.72","22251.65","0.00","","","","","","",""
"95-008","Republican Party of Norfolk, Inc.","2001","01/15/2002","JAN15_02","07/01/2001","12/31/2001","E","R","","01/16/2002","T","0","Secretary","Rock","Rachel","","H","2466.31","0.00","0.00","0.00","2466.31","148.00","0.00","0.00","0.00","2318.31","26045.72","23852.41","0.00","","","","","","",""
"95-025","Virginia Association of Health Plans PAC","2001","04/16/2001","APRN16_01","01/01/2001","03/31/2001","E","R","","04/18/2001","L","0","Sec/Treasurer","Grey","Douglas","H","H","29497.69","7150.00","0.00","0.00","36647.69","0.00","0.00","0.00","0.00","36647.69","246002.68","189154.99","0.00","","","","","","",""
"95-025","Virginia Association of Health Plans PAC","2001","06/04/2001","JUNN04_01","04/01/2001","05/30/2001","E","R","","06/04/2001","T","0","Sec/Treasurer","Grey","Douglas","H","H","36647.69","26915.75","0.00","0.00","63563.44","10300.00","0.00","0.00","0.00","53263.44","272918.43","199454.99","0.00","","","","","","",""
"95-025","Virginia Association of Health Plans PAC","2001","07/16/2001","JULN16_01","05/31/2001","06/30/2001","E","R","","07/19/2001","T","0","Sec/Treasurer","Grey","Douglas","H","H","53038.44","4575.00","0.00","0.00","57613.44","10500.00","0.00","0.00","0.00","47113.44","277268.43","209954.99","0.00","","","","","","",""
"95-025","Virginia Association of Health Plans PAC","2001","09/17/2001","SEPN17_01","07/01/2001","08/31/2001","E","R","","09/21/2001","T","0","Sec/Treasurer","Grey","Douglas","H","H","47113.44","75.00","0.00","0.00","47188.44","8600.00","0.00","0.00","0.00","38588.44","277343.43","218554.99","0.00","","","","","","",""
"95-025","Virginia Association of Health Plans PAC","2001","10/15/2001","OCTN15_01","09/01/2001","09/30/2001","E","R","","10/26/2001","T","0","Sec/Treasurer","Grey","Douglas","H","H","38588.44","0.00","0.00","0.00","38588.44","6765.52","0.00","0.00","0.00","31822.92","277343.43","225320.51","0.00","","","","","","",""
"95-025","Virginia Association of Health Plans PAC","2001","10/29/2001","OCTN29_01","10/01/2001","10/24/2001","E","R","","10/30/2001","T","0","Sec/Treasurer","Grey","Douglas","H","H","31822.92","0.00","0.00","0.00","31822.92","8250.00","0.00","0.00","0.00","23572.92","277343.43","233570.51","0.00","","","","","","",""
"95-025","Virginia Association of Health Plans PAC","2001","01/15/2002","JAN15_02","07/01/2001","12/31/2001","E","R","","01/16/2002","T","0","Sec/Treasurer","Grey","Douglas","H","H","21572.92","100.00","0.00","0.00","21672.92","2300.00","0.00","0.00","0.00","19372.92","277443.43","237870.51","0.00","","","","","","",""
"95-038","Aetna, Inc.","2001","04/16/2001","APRN16_01","01/01/2001","03/31/2001","E","R","","04/05/2001","T","0","","Topodas","Jonathan","","H","11987.65","24334.76","5.20","0.00","36327.61","17615.60","0.00","0.00","0.00","18712.01","24339.96","17615.60","0.00","","","","","","",""
"95-038","Aetna, Inc.","2001","06/04/2001","JUNN04_01","04/01/2001","05/30/2001","E","R","","06/01/2001","T","0","","Topodas","Jonathan","","H","18712.01","13913.49","3.43","0.00","32628.93","23000.00","0.00","0.00","0.00","9628.93","38256.88","40615.60","0.00","","","","","","",""
"95-038","Aetna, Inc.","2001","09/17/2001","SEPN17_01","07/01/2001","08/31/2001","E","R","","09/21/2001","T","0","","Topodas","Jonathan","","H","6943.73","16392.73","2.39","0.00","23338.85","4000.00","0.00","0.00","0.00","19338.85","62466.80","55115.60","0.00","","","","","","",""
"95-038","Aetna, Inc.","2001","10/29/2001","OCTN29_01","10/01/2001","10/24/2001","E","R","","10/31/2001","T","0","","Topodas","Jonathan","","H","26104.77","400.00","1.10","0.00","26505.87","19500.00","0.00","0.00","0.00","7005.87","76383.82","81365.60","0.00","","","","","","",""
"95-038","Aetna, Inc.","2001","01/15/2002","JAN15_02","07/01/2001","12/31/2001","E","R","","10/25/2002","T","0","","Topodas","Jonathan","","H","18817.94","10240.97","1.02","0.00","29059.93","1750.00","0.00","0.00","0.00","27309.93","108937.88","93615.60","0.00","","","","","","",""
"95-079","Virginia Real Estate Attorneys League PAC","2001","07/16/2001","JULN16_01","05/31/2001","06/30/2001","E","R","","07/19/2001","T","0","","Hutchens","William","M","H","4112.25","0.00","0.00","0.00","4112.25","500.00","0.00","0.00","0.00","3612.25","4875.00","1299.97","0.00","","","","","","",""
"95-079","Virginia Real Estate Attorneys League PAC","2001","10/15/2001","OCTN15_01","09/01/2001","09/30/2001","E","R","","09/20/2001","T","0","","Hutchens","William","M","H","3612.25","150.00","0.00","0.00","3762.25","0.00","0.00","0.00","0.00","3762.25","5525.00","1799.97","0.00","","","","","","",""
"95-079","Virginia Real Estate Attorneys League PAC","2001","09/17/2001","SEPN17_01","07/01/2001","08/31/2001","E","R","","09/21/2001","T","0","","Hutchens","William","M","H","3612.25","500.00","0.00","0.00","4112.25","500.00","0.00","0.00","0.00","3612.25","5375.00","1799.97","0.00","","","","","","",""
"95-079","Virginia Real Estate Attorneys League PAC","2001","10/29/2001","OCTN29_01","10/01/2001","10/24/2001","E","R","","10/30/2001","T","0","","Hutchens","William","M","H","3762.25","2800.00","0.00","0.00","6562.25","5500.00","0.00","0.00","0.00","1062.25","8325.00","7299.97","0.00","","","","","","",""
"96-113","Swedish Match PAC","2001","10/15/2001","OCTN15_01","09/01/2001","09/30/2001","E","R","","10/26/2001","T","0","Treasurer","Blake","Wanda","T","H","14366.86","2074.59","0.00","0.00","16441.45","500.00","0.00","0.00","0.00","15941.45","16014.10","12003.54","0.00","","","","","","",""
"96-113","Swedish Match PAC","2001","10/29/2001","OCTN29_01","10/01/2001","10/24/2001","E","R","","10/30/2001","T","0","Treasurer","Blake","Wanda","T","H","15941.45","1038.13","0.00","0.00","16979.58","1000.00","0.00","0.00","0.00","15979.58","17052.23","13003.54","0.00","","","","","","",""
"96-113","Swedish Match PAC","2001","01/15/2002","JANN15_02","11/30/2001","12/31/2001","E","R","","01/16/2002","T","0","Treasurer","Blake","Wanda","T","H","14863.70","3073.36","0.00","0.00","17937.06","1815.76","0.00","0.00","0.00","16121.30","22192.36","18001.95","0.00","","","","","","",""
"97-049","EPIC PharmPAC of Virginia","2001","06/04/2001","JUNN04_01","04/01/2001","05/30/2001","E","R","","06/04/2001","T","0","Treasurer","Borgatti","Robert","","H","9848.51","2340.00","1900.00","0.00","14088.51","7075.00","0.00","0.00","0.00","7013.51","44265.00","37251.00","0.00","","","","","","",""
"97-049","EPIC PharmPAC of Virginia","2001","07/16/2001","JULN16_01","05/31/2001","06/30/2001","E","R","","07/19/2001","T","0","Treasurer","Borgatti","Robert","","H","7013.51","1170.00","0.00","0.00","8183.51","875.00","0.00","0.00","0.00","7308.51","45435.00","38126.00","0.00","","","","","","",""
"97-049","EPIC PharmPAC of Virginia","2001","10/15/2001","OCTN15_01","09/01/2001","09/30/2001","E","R","","09/20/2001","T","0","Treasurer","Borgatti","Robert","","H","7478.51","1150.00","500.00","0.00","9128.51","3500.00","0.00","0.00","0.00","5628.51","49405.00","43776.00","0.00","","","","","","",""
"97-049","EPIC PharmPAC of Virginia","2001","09/17/2001","SEPN17_01","07/01/2001","08/31/2001","E","R","","09/21/2001","T","0","Treasurer","Borgatti","Robert","","H","7308.51","2320.00","0.00","0.00","9628.51","2150.00","0.00","0.00","0.00","7478.51","47755.00","40276.00","0.00","","","","","","",""
"97-049","EPIC PharmPAC of Virginia","2001","10/29/2001","OCTN29_01","10/01/2001","10/24/2001","E","R","","10/30/2001","T","0","Treasurer","Borgatti","Robert","","H","5628.51","1150.00","0.00","0.00","6778.51","0.00","0.00","0.00","0.00","6778.51","50555.00","43776.00","0.00","","","","","","",""
"97-049","EPIC PharmPAC of Virginia","2001","01/15/2002","JAN15_02","07/01/2001","12/31/2001","E","R","","01/16/2002","T","0","Treasurer","Borgatti","Robert","","H","7178.51","2191.38","0.00","0.00","9369.89","6725.00","0.00","0.00","0.00","2644.89","53896.38","51251.00","0.00","","","","","","",""
"98-011","Dominion Leadership Fund","2001","01/16/2001","JAN16_01","07/01/2000","12/31/2000","E","R","","01/17/2001","T","0","Secretary","Tucker","Claudia","","H","231240.08","104129.76","0.00","0.00","335369.84","26031.60","0.00","0.00","0.00","309338.24","486183.54","75653.98","0.00","","","","","","",""
"98-011","Dominion Leadership Fund","2001","04/16/2001","APRN16_01","01/01/2001","03/31/2001","E","R","","04/17/2001","T","0","Secretary","Tucker","Claudia","","H","309338.24","96150.00","0.00","0.00","405488.24","19195.34","0.00","0.00","0.00","386292.90","96150.00","19195.34","0.00","","","","","","",""
"98-011","Dominion Leadership Fund","2001","06/04/2001","JUNN04_01","04/01/2001","05/30/2001","E","R","","07/16/2001","L","0","Secretary","Tucker","Claudia","","H","386293.00","7000.00","0.00","0.00","393293.00","0.00","0.00","0.00","0.00","393293.00","103150.00","19195.34","0.00","","","","","","",""
"98-011","Dominion Leadership Fund","2001","07/16/2001","JULN16_01","05/31/2001","06/30/2001","E","R","","07/19/2001","T","0","Secretary","Tucker","Claudia","","H","393293.00","16250.00","0.00","0.00","409543.00","0.00","0.00","0.00","0.00","409543.00","119400.00","19195.34","0.00","","","","","","",""
"98-011","Dominion Leadership Fund","2001","09/17/2001","SEPN17_01","07/01/2001","08/31/2001","E","R","","09/21/2001","T","0","Secretary","Tucker","Claudia","","H","409543.00","9500.00","0.00","0.00","419043.00","500.00","0.00","0.00","0.00","418543.00","128900.00","19695.34","0.00","","","","","","",""
"98-011","Dominion Leadership Fund","2001","10/15/2001","OCTN15_01","09/01/2001","09/30/2001","E","R","","10/18/2001","T","0","Secretary","Tucker","Claudia","","H","418543.00","13000.00","0.00","0.00","431543.00","81366.21","0.00","0.00","0.00","350176.79","405281.23","266639.80","0.00","","","","","","",""
"98-011","Dominion Leadership Fund","2001","10/29/2001","OCTN29_01","10/01/2001","10/24/2001","E","R","","10/30/2001","T","0","Secretary","Tucker","Claudia","","H","350176.79","41350.00","0.00","0.00","391526.79","235980.00","0.00","0.00","0.00","155546.79","446631.23","502619.80","0.00","","","","","","",""
"98-011","Dominion Leadership Fund","2001","12/06/2001","DECN06_01","10/25/2001","11/29/2001","E","R","","05/31/2002","T","0","Secretary","Tucker","Claudia","","H","155546.79","26500.00","0.00","0.00","182046.79","123020.78","0.00","0.00","0.00","59026.01","473131.23","625640.58","0.00","","","","","","",""
"98-011","Dominion Leadership Fund","2001","01/15/2002","JANN15_02","11/30/2001","12/31/2001","E","A","","08/22/2003","T","0","Secretary","Tucker","Claudia","","H","59026.01","12185.00","0.00","0.00","71211.01","8079.00","0.00","0.00","0.00","63132.01","497501.23","641798.58","0.00","","","","","","",""
"99-007","Fund for the Future of Virginia","2001","01/16/2001","JAN16_01","07/01/2000","12/31/2000","E","R","","01/17/2001","T","0","Treasurer","Brudvig","Catherine","","H","217.34","10.00","0.00","0.00","227.34","100.00","0.00","0.00","0.00","127.34","104340.00","118530.32","17100.00","","","","","","",""
"99-007","Fund for the Future of Virginia","2001","07/16/2001","JULN16_01","05/31/2001","06/30/2001","E","R","","07/19/2001","T","0","Treasurer","Brudvig","Catherine","","H","1377.34","0.00","0.00","0.00","1377.34","0.00","0.00","0.00","0.00","1377.34","0.00","0.00","5016003369.00","","","","","","",""
"99-007","Fund for the Future of Virginia","2001","09/17/2001","SEPN17_01","07/01/2001","08/31/2001","E","R","","09/21/2001","T","0","Treasurer","Brudvig","Catherine","","H","1377.34","0.00","0.00","0.00","1377.34","0.00","0.00","0.00","0.00","1377.34","0.00","0.00","0.00","","","","","","",""
"99-051","The Leadership Political Action Committee","2001","01/16/2001","JAN16_01","07/01/2000","12/31/2000","E","R","","01/18/2001","T","0","Treasurer","Selph","John","","H","10282.67","58100.51","159.59","0.00","68542.77","18947.08","1000.00","0.00","0.00","48595.69","114489.49","67393.80","0.00","","","","","","",""
"99-051","The Leadership Political Action Committee","2001","07/16/2001","JULN16_01","05/31/2001","06/30/2001","E","R","","07/19/2001","T","0","Treasurer","Selph","John","","H","30035.02","1000.00","0.00","0.00","31035.02","5232.39","0.00","0.00","0.00","25802.63","118089.49","93786.86","0.00","","","","","","",""
"99-051","The Leadership Political Action Committee","2001","09/17/2001","SEPN17_01","07/01/2001","08/31/2001","E","R","","09/21/2001","T","0","Treasurer","Selph","John","","H","25802.63","1000.00","0.00","0.00","26802.63","4305.26","0.00","0.00","0.00","22497.37","119089.49","98092.12","0.00","","","","","","",""
"99-051","The Leadership Political Action Committee","2001","10/15/2001","OCTN15_01","09/01/2001","09/30/2001","E","R","","10/26/2001","T","0","Treasurer","Selph","John","","H","22497.37","1500.00","400.00","0.00","24397.37","4200.00","0.00","0.00","0.00","20197.37","120989.49","102292.12","0.00","","","","","","",""
"99-051","The Leadership Political Action Committee","2001","10/29/2001","OCTN29_01","10/01/2001","10/24/2001","E","R","","10/30/2001","T","0","Treasurer","Selph","John","","H","20197.37","6236.20","0.00","0.00","26433.57","21466.20","0.00","0.00","0.00","4967.37","127225.69","123758.32","0.00","","","","","","",""
"97-078","Dental Hygenists of Northern Virginia PAC","2001","07/16/2001","JULN16_01","05/31/2001","06/30/2001","E","R","","07/19/2001","T","0","Treasurer","Celcelski","Kim","","H","3455.20","0.00","0.00","0.00","3455.20","20.00","0.00","0.00","0.00","3435.20","3455.20","20.00","0.00","","","","","","",""
"97-078","Dental Hygenists of Northern Virginia PAC","2001","10/15/2001","OCTN15_01","09/01/2001","09/30/2001","E","R","","09/20/2001","T","0","Treasurer","Celcelski","Kim","","H","3035.20","1384.57","0.00","0.00","4419.77","550.00","0.00","0.00","0.00","3869.77","4419.77","550.00","0.00","","","","","","",""
"97-078","Dental Hygenists of Northern Virginia PAC","2001","09/17/2001","SEPN17_01","07/01/2001","08/31/2001","E","R","","09/21/2001","T","0","Treasurer","Celcelski","Kim","","H","3035.20","0.00","0.00","0.00","3035.20","0.00","0.00","0.00","0.00","3035.20","3035.20","0.00","0.00","","","","","","",""
"97-078","Dental Hygenists of Northern Virginia PAC","2001","10/29/2001","OCTN29_01","10/01/2001","10/24/2001","E","R","","10/31/2001","T","0","Treasurer","Celcelski","Kim","","H","3035.20","0.00","0.00","0.00","3035.20","1100.00","0.00","0.00","0.00","1935.20","3035.20","1100.00","0.00","","","","","","",""
"91-176","Intl Longshoremens","2001","06/04/2001","JUNN04_01","04/01/2001","05/30/2001","E","R","","07/16/2001","L","0","Secty/Treasurer","Gleason","Robert","E","H","6123285.30","52876.53","36954.60","0.00","6213116.43","2500.00","0.00","0.00","0.00","6210616.43","291541.21","13500.00","0.00","","","","","","",""
"91-176","Intl Longshoremens","2001","09/17/2001","SEPN17_01","07/01/2001","08/31/2001","E","R","","10/12/2001","T","0","Secty/Treasurer","Gleason","Robert","E","H","6123285.30","44322.06","44.67","0.00","6167652.03","11000.00","0.00","0.00","0.00","6156652.03","246076.81","22000.00","0.00","","","","","","",""
"91-176","Intl Longshoremens","2001","10/29/2001","OCTN29_01","10/01/2001","10/24/2001","E","R","","10/31/2001","T","0","Secty/Treasurer","Gleason","Robert","E","H","6123285.30","0.00","0.00","0.00","6123285.30","6000.00","0.00","0.00","0.00","6117285.30","201710.08","17000.00","0.00","","","","","","",""
"91-176","Intl Longshoremens","2001","01/15/2002","JAN15_02","07/01/2001","12/31/2001","E","R","","01/16/2002","T","0","Secty/Treasurer","Gleason","Robert","E","H","6123285.30","65679.95","56.12","0.00","6189021.37","0.00","0.00","0.00","0.00","6189021.37","267446.15","11000.00","0.00","","","","","","",""
"91-176","Intl Longshoremens","2001","10/15/2001","OCTN15_01","09/01/2001","09/30/2001","E","R","","01/16/2002","T","0","Secty/Treasurer","Gleason","Robert","E","H","6123285.30","0.00","6509.78","0.00","6129795.08","0.00","0.00","0.00","0.00","6129795.08","208219.86","11000.00","0.00","","","","","","",""
"99-066","Rx Care PAC","2001","07/16/2001","JULN16_01","05/31/2001","06/30/2001","E","R","","07/19/2001","T","0","","Hoge","Miles","","H","3774.74","4754.00","0.00","0.00","8528.74","3746.13","0.00","0.00","0.00","4782.61","9038.00","6462.50","0.00","","","","","","",""
"99-066","Rx Care PAC","2001","09/17/2001","SEPN17_01","07/01/2001","08/31/2001","E","R","","09/21/2001","T","0","","Hoge","Miles","","H","4782.61","3902.00","0.00","0.00","8684.61","2539.73","0.00","0.00","0.00","6144.88","12940.00","9002.23","0.00","","","","","","",""
"99-066","Rx Care PAC","2001","10/15/2001","OCTN15_01","09/01/2001","09/30/2001","E","R","","10/26/2001","L","0","","Hoge","Miles","","H","6144.88","449.00","0.00","0.00","6593.88","1550.00","0.00","0.00","0.00","5043.88","13389.00","10552.23","0.00","","","","","","",""
"99-066","Rx Care PAC","2001","10/29/2001","OCTN29_01","10/01/2001","10/24/2001","E","R","","10/30/2001","T","0","","Hoge","Miles","","H","5043.88","2360.00","0.00","0.00","7403.88","935.85","0.00","0.00","0.00","6468.03","15749.00","11488.08","0.00","","","","","","",""
"99-066","Rx Care PAC","2001","01/15/2002","JANN15_02","11/30/2001","12/31/2001","E","R","","08/22/2003","T","0","","Hoge","Miles","","H","7435.18","555.00","0.00","0.00","7990.18","2964.52","0.00","0.00","0.00","5025.66","20049.00","18798.08","0.00","","","","","","",""
"99-069","The Virginia Senate Majority Leaders PAC","2001","07/16/2001","JUL16_01","01/01/2001","06/30/2001","E","R","","07/19/2001","T","0","Treasurer","Ayoub","RacheL","G","H","65657.81","2500.00","5703.74","0.00","73861.55","6000.67","0.00","0.00","0.00","67860.88","128845.24","63484.36","0.00","","","","","","",""
"99-069","The Virginia Senate Majority Leaders PAC","2001","01/16/2001","JAN16_01","07/01/2000","12/31/2000","D","A","","03/06/2002","T","0","Treasurer","Ayoub","RacheL","G","H","14502.59","103296.50","0.00","0.00","117799.09","49130.84","2500.00","0.00","0.00","66168.25","120641.50","56973.25","0.00","","","","","","",""
"99-069","The Virginia Senate Majority Leaders PAC","2001","01/15/2002","JAN15_02","07/01/2001","12/31/2001","E","F","","08/22/2003","T","0","Treasurer","Ayoub","RacheL","G","H","67860.88","106022.95","0.00","0.00","173883.83","173883.83","0.00","0.00","0.00","0.00","234868.19","237368.19","0.00","","","","","","",""
"99-093","Virginia League of Conservation Voters PAC","2001","04/16/2001","APRN16_01","01/01/2001","03/31/2001","E","R","","04/30/2001","T","0","Treasurer","Guthrie","Lisa","M","H","1207.48","11125.00","0.00","0.00","12332.48","35.00","0.00","0.00","0.00","12297.48","11125.00","35.00","0.00","","","","","","",""
"99-093","Virginia League of Conservation Voters PAC","2001","06/04/2001","JUNN04_01","04/01/2001","05/30/2001","E","R","","07/09/2001","L","0","Treasurer","Guthrie","Lisa","M","H","12297.48","400.00","0.00","0.00","12697.48","0.00","0.00","0.00","0.00","12697.48","11525.00","35.00","0.00","","","","","","",""
"99-093","Virginia League of Conservation Voters PAC","2001","07/16/2001","JULN16_01","05/31/2001","06/30/2001","E","R","","07/19/2001","T","0","Treasurer","Guthrie","Lisa","M","H","12697.48","40000.00","0.00","0.00","52697.48","0.00","0.00","0.00","0.00","52697.48","51525.00","35.00","0.00","","","","","","",""
"99-093","Virginia League of Conservation Voters PAC","2001","10/15/2001","OCTN15_01","09/01/2001","09/30/2001","E","R","","09/20/2001","T","0","Treasurer","Guthrie","Lisa","M","H","52697.48","0.00","0.00","0.00","52697.48","0.00","0.00","0.00","0.00","52697.48","51525.00","35.00","0.00","","","","","","",""
"99-093","Virginia League of Conservation Voters PAC","2001","09/17/2001","SEPN17_01","07/01/2001","08/31/2001","E","R","","09/21/2001","T","0","Treasurer","Guthrie","Lisa","M","H","52697.48","0.00","0.00","0.00","52697.48","0.00","0.00","0.00","0.00","52697.48","51525.00","35.00","0.00","","","","","","",""
"99-093","Virginia League of Conservation Voters PAC","2001","10/29/2001","OCTN29_01","10/01/2001","10/24/2001","E","R","","10/31/2001","T","0","Treasurer","Guthrie","Lisa","M","H","101597.48","31900.00","0.00","0.00","133497.48","84551.16","0.00","0.00","0.00","48946.32","132325.00","84586.16","0.00","","","","","","",""
"99-093","Virginia League of Conservation Voters PAC","2001","01/15/2002","JAN15_02","07/01/2001","12/31/2001","E","R","","01/16/2002","T","0","Treasurer","Guthrie","Lisa","M","H","38970.31","692.92","0.00","0.00","39663.23","1627.32","0.00","0.00","0.00","38035.91","137323.15","100494.72","0.00","","","","","","",""
"99-106","Earley 2001","2001","01/16/2001","JAN16_01","07/01/2000","12/31/2000","E","F","","01/18/2001","T","0","Treasurer","Thomson","Gary","","H","334411.11","741760.62","2995.86","0.00","1079167.59","570997.93","0.00","508169.66","0.00","0.00","1553971.12","1550376.12","0.00","","","","","","",""
"00-016","Citizens for a Better City","2001","07/16/2001","JUL16_01","01/01/2001","06/30/2001","E","R","","03/11/2002","T","0","Treasurer","Kaye","Catharine","A","H","927.26","0.00","0.00","0.00","927.26","0.00","0.00","0.00","0.00","927.26","21657.03","21343.91","0.00","","","","","","",""
"00-016","Citizens for a Better City","2001","07/16/2001","JULN16_01","05/31/2001","06/30/2001","E","R","","04/03/2003","T","0","Treasurer","Kaye","Catharine","A","H","927.26","0.00","0.00","0.00","927.26","0.00","0.00","0.00","0.00","927.26","21657.03","21343.91","0.00","","","","","","",""
"00-016","Citizens for a Better City","2001","01/15/2002","JAN15_02","07/01/2001","12/31/2001","E","R","","04/03/2003","T","0","Treasurer","Kaye","Catharine","A","H","927.26","2351.00","0.00","0.00","3278.26","0.00","0.00","0.00","0.00","3278.26","24008.03","21343.91","0.00","","","","","","",""
"00-030","New Birth of Freedom PAC","2001","06/04/2001","JUNN04_01","04/01/2001","05/30/2001","E","A","","09/18/2001","T","0","Pres/Treas","Dal Col","William","A","H","33725.34","28091.50","0.00","0.00","61816.84","28788.46","0.00","0.00","0.00","33028.38","331957.22","298928.84","0.00","","","","","","",""
"00-030","New Birth of Freedom PAC","2001","04/16/2001","APRN16_01","01/01/2001","03/31/2001","E","R","","09/18/2001","L","0","Pres/Treas","Dal Col","William","A","H","33725.34","65796.89","0.00","0.00","99522.23","75096.09","0.00","0.00","0.00","24426.14","369662.61","345236.47","0.00","","","","","","",""
"00-030","New Birth of Freedom PAC","2001","09/17/2001","SEPN17_01","07/01/2001","08/31/2001","E","R","","09/20/2001","T","0","Pres/Treas","Dal Col","William","A","H","10601.59","1232.20","0.00","0.00","11833.79","3635.95","0.00","0.00","0.00","8197.84","315699.51","296900.08","0.00","","","","","","",""
"00-030","New Birth of Freedom PAC","2001","10/29/2001","OCTN29_01","10/01/2001","10/24/2001","E","R","","10/31/2001","T","0","Pres/Treas","Dal Col","William","A","H","11833.79","200.00","0.00","0.00","12033.79","1771.90","0.00","0.00","0.00","10261.89","339567.09","301621.98","0.00","","","","","","",""
"00-030","New Birth of Freedom PAC","2001","01/15/2002","JANN15_02","11/30/2001","12/31/2001","E","R","","01/17/2002","T","0","Pres/Treas","Dal Col","William","A","H","1026.25","0.00","0.00","0.00","1026.25","1000.00","0.00","0.00","0.00","26.25","350855.23","311857.62","0.00","","","","","","",""
"00-033","Virginia AgPAC","2001","01/16/2001","JAN16_01","07/01/2000","12/31/2000","E","R","","01/18/2001","T","0","Treasurer","Priddy","David","","H","0.00","11265.50","0.00","0.00","11265.50","78.13","0.00","0.00","0.00","11187.37","11265.50","78.13","0.00","","","","","","",""
"00-033","Virginia AgPAC","2001","06/04/2001","JUNN04_01","04/01/2001","05/30/2001","E","R","","06/01/2001","T","0","Treasurer","Priddy","David","","H","11452.51","68.00","0.00","0.00","11520.51","403.41","0.00","0.00","0.00","11117.10","968.91","1039.18","0.00","","","","","","",""
"00-033","Virginia AgPAC","2001","07/16/2001","JULN16_01","05/31/2001","06/30/2001","E","R","","07/19/2001","T","0","Treasurer","Priddy","David","","H","11117.10","49.00","0.00","0.00","11166.10","765.38","0.00","0.00","0.00","10400.72","1017.91","1804.56","31.68","","","","","","",""
"00-033","Virginia AgPAC","2001","09/17/2001","SEPN17_01","07/01/2001","08/31/2001","E","R","","09/20/2001","T","0","Treasurer","Priddy","David","","H","10400.72","53.00","0.00","0.00","10453.72","1551.18","0.00","0.00","0.00","8902.54","1070.91","3355.74","0.00","","","","","","",""
"00-033","Virginia AgPAC","2001","10/15/2001","OCTN15_01","09/01/2001","09/30/2001","E","R","","10/26/2001","T","0","Treasurer","Priddy","David","","H","8902.54","3140.00","0.00","0.00","12042.54","632.17","0.00","0.00","0.00","11410.37","4210.91","3987.91","32.20","","","","","","",""
"00-033","Virginia AgPAC","2001","10/29/2001","OCTN29_01","10/01/2001","10/24/2001","E","R","","10/31/2001","T","0","Treasurer","Priddy","David","","H","11410.37","3989.00","0.00","0.00","15399.37","1897.20","0.00","0.00","0.00","13502.17","8199.91","5885.11","61.41","","","","","","",""
"00-033","Virginia AgPAC","2001","12/06/2001","DECN06_01","10/25/2001","11/29/2001","E","R","","12/10/2001","T","0","Treasurer","Priddy","David","","H","13502.17","3088.00","3414.00","0.00","20004.17","11791.72","0.00","0.00","0.00","8212.45","14701.91","17676.83","0.00","","","","","","",""
"00-033","Virginia AgPAC","2001","01/15/2002","JANN15_02","11/30/2001","12/31/2001","E","R","","01/17/2002","T","0","Treasurer","Priddy","David","","H","8212.45","1449.00","0.00","0.00","9661.45","198.75","0.00","0.00","0.00","9462.70","16150.91","17875.58","24.30","","","","","","",""
"00-053","Maritime Issues Council","2001","01/16/2001","JAN16_01","07/01/2000","12/31/2000","E","R","","01/17/2001","T","0","Exec. Vice Pres.","Moye","Arthur","W","H","0.00","22050.00","-900.00","0.00","21150.00","9125.38","0.00","0.00","0.00","12024.62","21150.00","9125.38","0.00","","","","","","",""
"00-053","Maritime Issues Council","2001","07/16/2001","JULN16_01","05/31/2001","06/30/2001","E","R","","07/19/2001","T","0","Exec. Vice Pres.","Moye","Arthur","W","H","11474.62","0.00","50.00","0.00","11524.62","2031.86","0.00","0.00","0.00","9492.76","50.00","2031.86","0.00","","","","","","",""
"00-053","Maritime Issues Council","2001","09/17/2001","SEPN17_01","07/01/2001","08/31/2001","E","R","","09/20/2001","T","0","Exec. Vice Pres.","Moye","Arthur","W","H","9492.76","3350.00","0.00","0.00","12842.76","4543.11","0.00","0.00","0.00","8299.65","3400.00","7124.97","0.00","","","","","","",""
"00-053","Maritime Issues Council","2001","10/29/2001","OCTN29_01","10/01/2001","10/24/2001","E","R","","10/31/2001","T","0","Exec. Vice Pres.","Moye","Arthur","W","H","8299.65","5750.00","0.00","0.00","14049.65","6447.61","0.00","0.00","0.00","7602.04","9150.00","13572.58","0.00","","","","","","",""
"00-053","Maritime Issues Council","2001","01/15/2002","JAN15_02","07/01/2001","12/31/2001","E","R","","01/15/2002","T","0","Exec. Vice Pres.","Moye","Arthur","W","H","15816.39","0.00","0.00","0.00","15816.39","250.00","0.00","0.00","0.00","15566.39","18950.00","15408.23","0.00","","","","","","",""
"00-055","Commercial Development Political Action Committee","2001","01/16/2001","JAN16_01","07/01/2000","12/31/2000","E","R","","01/17/2001","T","0","","DAmato","Kathleen","M","H","0.00","14127.50","0.00","0.00","14127.50","0.00","0.00","0.00","0.00","14127.50","14127.50","0.00","0.00","","","","","","",""
"00-055","Commercial Development Political Action Committee","2001","04/16/2001","APRN16_01","01/01/2001","03/31/2001","E","R","","04/17/2001","T","0","","DAmato","Kathleen","M","H","14127.50","11200.00","0.00","0.00","25327.50","3000.00","0.00","0.00","0.00","22327.50","25327.50","3000.00","0.00","","","","","","",""
"00-055","Commercial Development Political Action Committee","2001","07/16/2001","JULN16_01","05/31/2001","06/30/2001","E","R","","07/19/2001","T","0","","DAmato","Kathleen","M","H","22327.50","5768.93","0.00","0.00","28096.43","1600.00","0.00","0.00","0.00","26496.43","31096.43","4600.00","0.00","","","","","","",""
"00-055","Commercial Development Political Action Committee","2001","09/17/2001","SEPN17_01","07/01/2001","08/31/2001","E","R","","09/20/2001","T","0","","DAmato","Kathleen","M","H","26496.43","400.00","0.00","0.00","26896.43","8250.00","0.00","0.00","0.00","18646.43","31496.43","12850.00","0.00","","","","","","",""
"00-055","Commercial Development Political Action Committee","2001","10/29/2001","OCTN29_01","10/01/2001","10/24/2001","E","R","","10/31/2001","T","0","","DAmato","Kathleen","M","H","18646.43","3175.00","0.00","0.00","21821.43","15000.00","0.00","0.00","0.00","6821.43","34671.43","27850.00","0.00","","","","","","",""
"00-055","Commercial Development Political Action Committee","2001","01/15/2002","JAN15_02","07/01/2001","12/31/2001","E","R","","01/28/2002","T","0","","DAmato","Kathleen","M","H","6821.43","6200.00","1500.00","0.00","14521.43","72.54","0.00","0.00","0.00","14448.89","42371.43","27922.54","0.00","","","","","","",""
"01-004","Victory 2001","2001","06/04/2001","JUNN04_01","04/01/2001","05/30/2001","E","R","","06/04/2001","T","0","","Swecker","Susan","","H","83886.97","122870.00","0.00","0.00","206756.97","155194.79","0.00","0.00","0.00","51562.18","1722870.00","231307.82","0.00","","","","","","",""
"01-004","Victory 2001","2001","07/16/2001","JUL16_01","01/01/2001","06/30/2001","E","R","","07/19/2001","T","0","","Swecker","Susan","","H","51562.18","305532.13","0.00","0.00","357094.31","192468.00","0.00","0.00","0.00","164626.31","588402.13","423775.82","0.00","","","","","","",""
"01-004","Victory 2001","2001","09/17/2001","SEPN17_01","07/01/2001","08/31/2001","E","R","","09/20/2001","T","0","","Swecker","Susan","","H","164626.31","1011289.47","0.00","0.00","1175915.78","592765.04","0.00","0.00","0.00","583150.74","1599691.60","1016540.86","0.00","","","","","","",""
"01-004","Victory 2001","2001","10/29/2001","OCTN29_01","10/01/2001","10/24/2001","E","R","","10/30/2001","T","0","","Swecker","Susan","","H","536912.48","952371.66","50.00","0.00","1489334.14","817626.94","0.00","0.00","0.00","671707.20","3029568.70","2357861.50","0.00","","","","","","",""
"01-004","Victory 2001","2001","12/06/2001","DECN06_01","10/25/2001","11/29/2001","E","R","","12/12/2001","T","0","","Swecker","Susan","","H","671707.20","1833119.81","12113.90","0.00","2516940.91","2487854.14","0.00","0.00","0.00","29086.77","4874802.41","4845715.64","37244.24","","","","","","",""
"01-004","Victory 2001","2001","01/15/2002","JAN15_02","07/01/2001","12/31/2001","E","R","","01/15/2002","T","0","","Swecker","Susan","","H","29086.77","63375.00","30293.09","0.00","122754.86","119762.02","0.00","0.00","0.00","2992.84","4968470.50","4965477.66","14935.43","","","","","","",""
"01-017","Virginia Society of Chiropractic PAC","2001","07/16/2001","JULN16_01","05/31/2001","06/30/2001","E","R","","07/19/2001","T","0","","Foley","Joseph","M","H","165.00","2710.58","0.00","0.00","2875.58","16.58","0.00","0.00","0.00","2859.00","3313.08","454.08","0.00","","","","","","",""
"01-017","Virginia Society of Chiropractic PAC","2001","09/17/2001","SEPN17_01","07/01/2001","08/31/2001","E","R","","09/21/2001","T","0","","Foley","Joseph","M","H","2859.00","7100.00","0.00","0.00","9959.00","3153.94","0.00","0.00","0.00","6805.06","10413.08","3608.02","0.00","","","","","","",""
"01-017","Virginia Society of Chiropractic PAC","2001","10/15/2001","OCTN15_01","09/01/2001","09/30/2001","E","R","","10/26/2001","T","0","","Foley","Joseph","M","H","6805.06","350.00","0.00","0.00","7155.06","375.63","0.00","0.00","0.00","6779.43","10763.08","3983.65","0.00","","","","","","",""
"01-017","Virginia Society of Chiropractic PAC","2001","10/29/2001","OCTN29_01","10/01/2001","10/24/2001","E","R","","10/31/2001","T","0","","Foley","Joseph","M","H","6779.43","3025.00","0.00","0.00","9804.43","730.61","0.00","0.00","0.00","9073.82","13788.08","4714.26","0.00","","","","","","",""
"01-017","Virginia Society of Chiropractic PAC","2001","01/15/2002","JAN15_02","07/01/2001","12/31/2001","E","R","","01/28/2002","T","0","","Foley","Joseph","M","H","8093.34","210.00","0.00","0.00","8303.34","25.45","0.00","0.00","0.00","8277.89","15098.08","6820.19","0.00","","","","","","",""
"01-017","Virginia Society of Chiropractic PAC","2001","12/06/2001","DECN06_01","10/25/2001","11/29/2001","E","R","","09/25/2002","L","0","","Foley","Joseph","M","H","9073.82","1100.00","0.00","0.00","10173.82","2080.48","0.00","0.00","0.00","8093.34","14888.08","6794.74","0.00","","","","","","",""
"01-030","Leadership Development Political Action Committee","2001","07/16/2001","JUL16_01","01/01/2001","06/30/2001","E","R","","07/19/2001","T","0","Treasurer","Fidler","Carolyn","D","H","0.00","178888.06","0.00","0.00","178888.06","1760.48","0.00","0.00","0.00","177127.58","178888.06","1760.48","0.00","","","","","","",""
"01-030","Leadership Development Political Action Committee","2001","09/17/2001","SEPN17_01","07/01/2001","08/31/2001","E","R","","09/21/2001","T","0","Treasurer","Fidler","Carolyn","D","H","177127.58","0.00","0.00","0.00","177127.58","39854.44","0.00","0.00","0.00","137273.14","178888.06","41614.92","0.00","","","","","","",""
"01-040","Virginians for Warner","2001","09/17/2001","SEPN17_01","07/01/2001","08/31/2001","E","R","","09/20/2001","T","0","Treasurer","Moore","Thurston","R","H","0.00","583438.04","911.11","0.00","584349.15","152513.50","0.00","0.00","0.00","431835.65","584349.15","152513.50","651.58","","","","","","",""
"01-040","Virginians for Warner","2001","10/15/2001","OCTN15_01","09/01/2001","09/30/2001","E","R","","09/20/2001","T","0","Treasurer","Moore","Thurston","R","H","431835.65","147588.22","0.00","0.00","579423.87","147009.10","0.00","0.00","0.00","432414.77","731937.37","299522.60","455.00","","","","","","",""
"01-040","Virginians for Warner","2001","10/29/2001","OCTN29_01","10/01/2001","10/24/2001","E","R","","11/05/2001","T","0","Treasurer","Moore","Thurston","R","H","432414.77","100165.10","100.00","0.00","532679.87","431805.07","0.00","0.00","0.00","100874.80","832202.47","731327.67","455.00","","","","","","",""
"01-040","Virginians for Warner","2001","12/06/2001","DECN06_01","10/25/2001","11/29/2001","E","R","","12/11/2001","L","0","Treasurer","Moore","Thurston","R","H","100874.80","30220.03","0.00","0.00","131094.83","114082.02","0.00","0.00","0.00","17012.81","862422.50","845409.69","455.00","","","","","","",""
"01-040","Virginians for Warner","2001","01/15/2002","JAN15_02","07/01/2001","12/31/2001","E","F","","08/21/2003","T","0","Treasurer","Moore","Thurston","R","H","17012.81","100.00","150.00","0.00","17262.81","9539.83","0.00","0.00","0.00","7722.98","862672.50","854949.52","455.00","","","","","","",""
"01-042","Virginia Citizens Defense League PAC","2001","09/17/2001","SEPN17_01","07/01/2001","08/31/2001","E","R","","09/21/2001","T","0","Treasurer","Collin","O Neil","","H","0.00","1091.10","0.00","0.00","1091.10","451.10","0.00","0.00","0.00","640.00","1091.10","451.10","0.00","","","","","","",""
"01-042","Virginia Citizens Defense League PAC","2001","10/15/2001","OCTN15_01","09/01/2001","09/30/2001","E","R","","10/18/2001","T","0","Treasurer","Collin","O Neil","","H","0.00","50.00","0.00","50.00","0.00","0.00","0.00","0.00","50.00","50.00","0.00","0.00","17102340.00","","","","","","",""
"01-042","Virginia Citizens Defense League PAC","2001","10/29/2001","OCTN29_01","10/01/2001","10/24/2001","E","R","","10/31/2001","T","0","Treasurer","Collin","O Neil","","H","640.00","649.00","0.00","0.00","1289.00","637.08","0.00","0.00","0.00","651.92","1740.10","1088.18","0.00","","","","","","",""
"01-042","Virginia Citizens Defense League PAC","2001","01/15/2002","JANN15_02","11/30/2001","12/31/2001","E","R","","10/29/2002","T","0","Treasurer","Collin","O Neil","","H","651.92","0.00","0.00","0.00","651.92","0.00","0.00","0.00","0.00","651.92","1740.10","1088.18","0.00","","","","","","",""
"01-048","BikePAC of Virginia","2001","10/15/2001","OCTN15_01","09/01/2001","09/30/2001","E","A","","01/28/2002","T","0","","Palmer","Jeff","","H","6563.36","215.00","0.00","0.00","6778.36","35.00","0.00","0.00","0.00","6743.36","6786.36","43.00","0.00","","","","","","",""
"01-048","BikePAC of Virginia","2001","09/17/2001","SEPN17_01","07/01/2001","08/31/2001","E","A","","01/28/2002","T","0","","Palmer","Jeff","","H","0.00","6571.36","0.00","0.00","6571.36","8.00","0.00","0.00","0.00","6563.36","6571.36","8.00","0.00","","","","","","",""
"01-048","BikePAC of Virginia","2001","10/29/2001","OCTN29_01","10/01/2001","10/24/2001","E","A","","02/27/2002","T","0","","Palmer","Jeff","","H","6743.36","1650.00","0.00","0.00","8393.36","454.34","0.00","0.00","0.00","7939.02","8436.36","497.34","0.00","","","","","","",""
"01-048","BikePAC of Virginia","2001","01/15/2002","JAN15_02","07/01/2001","12/31/2001","E","A","","08/21/2003","T","0","","Palmer","Jeff","","H","2130.38","1161.00","0.00","0.00","3291.38","38.76","0.00","0.00","0.00","3252.62","9917.36","6664.74","0.00","","","","","","",""
"01-049","Colgan/Parrish Golf Tournament","2001","10/15/2001","OCTN15_01","09/01/2001","09/30/2001","E","R","","09/20/2001","T","0","","Bergere","Mary Hamm","","H","10475.00","30526.00","0.00","0.00","41001.00","2656.14","0.00","0.00","0.00","38344.86","43741.00","5396.14","0.00","","","","","","",""
"01-049","Colgan/Parrish Golf Tournament","2001","09/17/2001","SEPN17_01","07/01/2001","08/31/2001","E","R","","09/21/2001","T","0","","Bergere","Mary Hamm","","H","0.00","13215.00","0.00","0.00","13215.00","2740.00","0.00","0.00","0.00","10475.00","13215.00","2740.00","0.00","","","","","","",""
"01-066","Virginia Young Democrats","2001","01/15/2002","JAN15_02","07/01/2001","12/31/2001","E","R","","01/16/2002","T","0","Treasurer","Nolan","Jamie","","H","-128.54","100.00","0.00","0.00","-28.54","472.76","0.00","0.00","0.00","-501.30","28128.53","28629.83","0.00","","","","","","",""
"01-066","Virginia Young Democrats","2001","10/29/2001","OCTN29_01","10/01/2001","10/24/2001","D","A","","01/28/2002","T","0","Treasurer","Nolan","Jamie","","H","7275.62","5453.00","0.00","0.00","12728.62","5343.70","0.00","0.00","0.00","7384.92","23317.03","15932.11","0.00","","","","","","",""
